{
  "metadata": {
    "commit_id": "bd93e3ca1a9ff181f4bb4f52d93dcfe368105cfc",
    "git_label": "v0.2.9",
    "model": "llama-3.3-70b-instruct",
    "knowledge_graph_files": "/home/dorschre/01_Projects/test/natural-language-query-answering/knowledge-graph/velektronik-graph-clean/abox-en.ttl.gz /home/dorschre/01_Projects/test/natural-language-query-answering/knowledge-graph/velektronik-graph-clean/tbox.ttl"
  },
  "dataset_metrics": {
    "dataset_size": 69,
    "evaluation_size": 69,
    "success_count": 50,
    "failure_count": 19
  },
  "performance_metrics": {
    "success": {
      "em": 0.2608695652173913,
      "f1": 0.2932202903068541,
      "recall": 0.3523229139382386,
      "precision": 0.29778341056399193
    },
    "overall": {
      "em": 0.2608695652173913,
      "f1": 0.2932202903068541,
      "recall": 0.3523229139382386,
      "precision": 0.29778341056399193
    },
    "success_only": {
      "em": 0.36,
      "f1": 0.4046440006234587,
      "recall": 0.4862056212347693,
      "precision": 0.4109411065783089
    },
    "failure_only": {
      "em": 0.0,
      "f1": 0.0,
      "recall": 0.0,
      "precision": 0.0
    }
  },
  "query_metrics": {
    "unparsable_sparql_queries": 0,
    "unavailable_sparql_queries": 0
  },
  "state_metrics": {
    "success": 50,
    "fail": 19,
    "init": 0,
    "error_api": 0,
    "unknown": 0,
    "success_rate": 0.7246376811594203,
    "failure_rate": 0.2753623188405797
  },
  "resource_metrics": {
    "avg_tokens_in": 48873.884057971016,
    "avg_tokens_out": 884.2173913043479,
    "avg_elapsed_time": 61754.95652173913,
    "avg_iteration": 5.768115942028985
  }
}