{
  "metadata": {
    "commit_id": "bd93e3ca1a9ff181f4bb4f52d93dcfe368105cfc",
    "git_label": "v0.2.9",
    "model": "accounts/fireworks/models/llama-v3p3-70b-instruct",
    "knowledge_graph_files": "/home/dorschre/01_Projects/test/natural-language-query-answering/knowledge-graph/velektronik-graph-clean/abox-en.ttl.gz /home/dorschre/01_Projects/test/natural-language-query-answering/knowledge-graph/velektronik-graph-clean/tbox.ttl"
  },
  "subjects": {
    "three triple patterns": {
      "dataset_metrics": {
        "total_queries": 27,
        "evaluated_queries": 27,
        "success_count": 14,
        "failure_count": 13
      },
      "performance_metrics": {
        "em": 0.14814814814814814,
        "f1": 0.22492448631839518,
        "recall": 0.2561996779388084,
        "precision": 0.2435203966644129,
        "success_only": {
          "em": 0.21428571428571427,
          "f1": 0.3623543664711907,
          "recall": 0.4226708074534162,
          "precision": 0.3982179078527963,
          "count": 14
        },
        "failure_only": {
          "em": 0.07692307692307693,
          "f1": 0.07692307692307693,
          "recall": 0.07692307692307693,
          "precision": 0.07692307692307693,
          "count": 13
        }
      },
      "query_metrics": {
        "unparsable_sparql_queries": 0,
        "unavailable_sparql_queries": 0
      },
      "state_metrics": {
        "success": 14,
        "fail": 13,
        "init": 0,
        "error_api": 0,
        "unknown": 0,
        "success_rate": 0.5185185185185185,
        "failure_rate": 0.48148148148148145
      },
      "resource_metrics": {
        "avg_tokens_in": 72098.88888888889,
        "avg_tokens_out": 1099.2222222222222,
        "avg_elapsed_time": 25320.703703703704,
        "avg_iteration": 6.851851851851852,
        "count": 27
      }
    },
    "supply": {
      "dataset_metrics": {
        "total_queries": 12,
        "evaluated_queries": 12,
        "success_count": 6,
        "failure_count": 6
      },
      "performance_metrics": {
        "em": 0.08333333333333333,
        "f1": 0.10742971887550201,
        "recall": 0.0992063492063492,
        "precision": 0.13333333333333333,
        "success_only": {
          "em": 0.16666666666666666,
          "f1": 0.21485943775100402,
          "recall": 0.1984126984126984,
          "precision": 0.26666666666666666,
          "count": 6
        },
        "failure_only": {
          "em": 0.0,
          "f1": 0.0,
          "recall": 0.0,
          "precision": 0.0,
          "count": 6
        }
      },
      "query_metrics": {
        "unparsable_sparql_queries": 0,
        "unavailable_sparql_queries": 0
      },
      "state_metrics": {
        "success": 6,
        "fail": 6,
        "init": 0,
        "error_api": 0,
        "unknown": 0,
        "success_rate": 0.5,
        "failure_rate": 0.5
      },
      "resource_metrics": {
        "avg_tokens_in": 54725.083333333336,
        "avg_tokens_out": 1036.9166666666667,
        "avg_elapsed_time": 21878.833333333332,
        "avg_iteration": 6.583333333333333,
        "count": 12
      }
    },
    "keyfigure": {
      "dataset_metrics": {
        "total_queries": 15,
        "evaluated_queries": 15,
        "success_count": 7,
        "failure_count": 8
      },
      "performance_metrics": {
        "em": 0.0,
        "f1": 0.03284524834912432,
        "recall": 0.13333333333333333,
        "precision": 0.020211161387631977,
        "success_only": {
          "em": 0.0,
          "f1": 0.07038267503383783,
          "recall": 0.2857142857142857,
          "precision": 0.04330963154492567,
          "count": 7
        },
        "failure_only": {
          "em": 0.0,
          "f1": 0.0,
          "recall": 0.0,
          "precision": 0.0,
          "count": 8
        }
      },
      "query_metrics": {
        "unparsable_sparql_queries": 0,
        "unavailable_sparql_queries": 0
      },
      "state_metrics": {
        "success": 7,
        "fail": 8,
        "init": 0,
        "error_api": 0,
        "unknown": 0,
        "success_rate": 0.4666666666666667,
        "failure_rate": 0.5333333333333333
      },
      "resource_metrics": {
        "avg_tokens_in": 68072.8,
        "avg_tokens_out": 1133.7333333333333,
        "avg_elapsed_time": 23548.333333333332,
        "avg_iteration": 6.733333333333333,
        "count": 15
      }
    },
    "four triple patterns": {
      "dataset_metrics": {
        "total_queries": 14,
        "evaluated_queries": 14,
        "success_count": 7,
        "failure_count": 7
      },
      "performance_metrics": {
        "em": 0.07142857142857142,
        "f1": 0.10706709505896753,
        "recall": 0.23299319727891157,
        "precision": 0.18854647136454508,
        "success_only": {
          "em": 0.14285714285714285,
          "f1": 0.21379486198763306,
          "recall": 0.32312925170068024,
          "precision": 0.3769230769230769,
          "count": 7
        },
        "failure_only": {
          "em": 0.0,
          "f1": 0.000339328130302002,
          "recall": 0.14285714285714285,
          "precision": 0.00016986580601324953,
          "count": 7
        }
      },
      "query_metrics": {
        "unparsable_sparql_queries": 0,
        "unavailable_sparql_queries": 0
      },
      "state_metrics": {
        "success": 7,
        "fail": 7,
        "init": 0,
        "error_api": 0,
        "unknown": 0,
        "success_rate": 0.5,
        "failure_rate": 0.5
      },
      "resource_metrics": {
        "avg_tokens_in": 79900.14285714286,
        "avg_tokens_out": 987.1428571428571,
        "avg_elapsed_time": 18293.928571428572,
        "avg_iteration": 5.928571428571429,
        "count": 14
      }
    },
    "geo": {
      "dataset_metrics": {
        "total_queries": 15,
        "evaluated_queries": 15,
        "success_count": 11,
        "failure_count": 4
      },
      "performance_metrics": {
        "em": 0.3333333333333333,
        "f1": 0.4120448179271709,
        "recall": 0.3944927536231884,
        "precision": 0.4666666666666667,
        "success_only": {
          "em": 0.45454545454545453,
          "f1": 0.5618792971734149,
          "recall": 0.5379446640316206,
          "precision": 0.6363636363636364,
          "count": 11
        },
        "failure_only": {
          "em": 0.0,
          "f1": 0.0,
          "recall": 0.0,
          "precision": 0.0,
          "count": 4
        }
      },
      "query_metrics": {
        "unparsable_sparql_queries": 0,
        "unavailable_sparql_queries": 0
      },
      "state_metrics": {
        "success": 11,
        "fail": 4,
        "init": 0,
        "error_api": 0,
        "unknown": 0,
        "success_rate": 0.7333333333333333,
        "failure_rate": 0.26666666666666666
      },
      "resource_metrics": {
        "avg_tokens_in": 57963.8,
        "avg_tokens_out": 931.8,
        "avg_elapsed_time": 20246.333333333332,
        "avg_iteration": 6.333333333333333,
        "count": 15
      }
    },
    "member": {
      "dataset_metrics": {
        "total_queries": 7,
        "evaluated_queries": 7,
        "success_count": 4,
        "failure_count": 3
      },
      "performance_metrics": {
        "em": 0.42857142857142855,
        "f1": 0.44761904761904764,
        "recall": 0.4387755102040816,
        "precision": 0.5714285714285714,
        "success_only": {
          "em": 0.5,
          "f1": 0.5333333333333333,
          "recall": 0.5178571428571428,
          "precision": 0.75,
          "count": 4
        },
        "failure_only": {
          "em": 0.3333333333333333,
          "f1": 0.3333333333333333,
          "recall": 0.3333333333333333,
          "precision": 0.3333333333333333,
          "count": 3
        }
      },
      "query_metrics": {
        "unparsable_sparql_queries": 0,
        "unavailable_sparql_queries": 0
      },
      "state_metrics": {
        "success": 4,
        "fail": 3,
        "init": 0,