{
  "metadata": {
    "commit_id": "bd93e3ca1a9ff181f4bb4f52d93dcfe368105cfc",
    "git_label": "v0.2.9",
    "model": "llama-3.3-70b-instruct",
    "knowledge_graph_files": "/home/dorschre/01_Projects/test/natural-language-query-answering/knowledge-graph/velektronik-graph-clean/abox-en.ttl.gz /home/dorschre/01_Projects/test/natural-language-query-answering/knowledge-graph/velektronik-graph-clean/tbox.ttl"
  },
  "subjects": {
    "three triple patterns": {
      "dataset_metrics": {
        "total_queries": 27,
        "evaluated_queries": 27,
        "success_count": 10,
        "failure_count": 15
      },
      "performance_metrics": {
        "em": 0.1111111111111111,
        "f1": 0.19324767337669016,
        "recall": 0.21230539008316787,
        "precision": 0.22829386763812992,
        "success_only": {
          "em": 0.3,
          "f1": 0.4935997040325565,
          "recall": 0.47322455322455326,
          "precision": 0.6,
          "count": 10
        },
        "failure_only": {
          "em": 0.0,
          "f1": 0.018779342723004695,
          "recall": 0.06666666666666667,
          "precision": 0.01092896174863388,
          "count": 15
        }
      },
      "query_metrics": {
        "unparsable_sparql_queries": 0,
        "unavailable_sparql_queries": 2
      },
      "state_metrics": {
        "success": 12,
        "fail": 15,
        "init": 0,
        "error_api": 0,
        "unknown": 0,
        "success_rate": 0.4444444444444444,
        "failure_rate": 0.5555555555555556
      },
      "resource_metrics": {
        "avg_tokens_in": 54977.08,
        "avg_tokens_out": 1062.36,
        "avg_elapsed_time": 80420.36,
        "avg_iteration": 6.44,
        "count": 25
      }
    },
    "supply": {
      "dataset_metrics": {
        "total_queries": 12,
        "evaluated_queries": 12,
        "success_count": 5,
        "failure_count": 7
      },
      "performance_metrics": {
        "em": 0.0,
        "f1": 0.06945118989800875,
        "recall": 0.11507936507936507,
        "precision": 0.09699453551912568,
        "success_only": {
          "em": 0.0,
          "f1": 0.1103448275862069,
          "recall": 0.07619047619047618,
          "precision": 0.2,
          "count": 5
        },
        "failure_only": {
          "em": 0.0,
          "f1": 0.04024144869215292,
          "recall": 0.14285714285714285,
          "precision": 0.023419203747072598,
          "count": 7
        }
      },
      "query_metrics": {
        "unparsable_sparql_queries": 0,
        "unavailable_sparql_queries": 0
      },
      "state_metrics": {
        "success": 5,
        "fail": 7,
        "init": 0,
        "error_api": 0,
        "unknown": 0,
        "success_rate": 0.4166666666666667,
        "failure_rate": 0.5833333333333334
      },
      "resource_metrics": {
        "avg_tokens_in": 38930.916666666664,
        "avg_tokens_out": 883.0833333333334,
        "avg_elapsed_time": 68361.91666666667,
        "avg_iteration": 5.916666666666667,
        "count": 12
      }
    },
    "keyfigure": {
      "dataset_metrics": {
        "total_queries": 15,
        "evaluated_queries": 15,
        "success_count": 4,
        "failure_count": 9
      },
      "performance_metrics": {
        "em": 0.0,
        "f1": 0.06535947712418301,
        "recall": 0.06410256410256411,
        "precision": 0.06666666666666667,
        "success_only": {
          "em": 0.0,
          "f1": 0.24509803921568626,
          "recall": 0.2403846153846154,
          "precision": 0.25,
          "count": 4
        },
        "failure_only": {
          "em": 0.0,
          "f1": 0.0,
          "recall": 0.0,
          "precision": 0.0,
          "count": 9
        }
      },
      "query_metrics": {
        "unparsable_sparql_queries": 1,
        "unavailable_sparql_queries": 1
      },
      "state_metrics": {
        "success": 5,
        "fail": 10,
        "init": 0,
        "error_api": 0,
        "unknown": 0,
        "success_rate": 0.3333333333333333,
        "failure_rate": 0.6666666666666666
      },
      "resource_metrics": {
        "avg_tokens_in": 51910.846153846156,
        "avg_tokens_out": 1113.2307692307693,
        "avg_elapsed_time": 86239.92307692308,
        "avg_iteration": 6.769230769230769,
        "count": 13
      }
    },
    "four triple patterns": {
      "dataset_metrics": {
        "total_queries": 14,
        "evaluated_queries": 14,
        "success_count": 7,
        "failure_count": 6
      },
      "performance_metrics": {
        "em": 0.0,
        "f1": 0.11978052785453963,
        "recall": 0.10258942286592056,
        "precision": 0.21428571428571427,
        "success_only": {
          "em": 0.0,
          "f1": 0.23956105570907926,
          "recall": 0.20517884573184111,
          "precision": 0.42857142857142855,
          "count": 7
        },
        "failure_only": {
          "em": 0.0,
          "f1": 0.0,
          "recall": 0.0,
          "precision": 0.0,
          "count": 6
        }
      },
      "query_metrics": {
        "unparsable_sparql_queries": 1,
        "unavailable_sparql_queries": 0
      },
      "state_metrics": {
        "success": 7,
        "fail": 7,
        "init": 0,
        "error_api": 0,
        "unknown": 0,
        "success_rate": 0.5,
        "failure_rate": 0.5
      },
      "resource_metrics": {
        "avg_tokens_in": 65896.69230769231,
        "avg_tokens_out": 994.5384615384615,
        "avg_elapsed_time": 84095.76923076923,
        "avg_iteration": 6.230769230769231,
        "count": 13
      }
    },
    "geo": {
      "dataset_metrics": {
        "total_queries": 15,
        "evaluated_queries": 15,
        "success_count": 10,
        "failure_count": 4
      },
      "performance_metrics": {
        "em": 0.26666666666666666,
        "f1": 0.3549019607843137,
        "recall": 0.38,
        "precision": 0.3555555555555555,
        "success_only": {
          "em": 0.4,
          "f1": 0.5323529411764706,
          "recall": 0.5700000000000001,
          "precision": 0.5333333333333333,
          "count": 10
        },
        "failure_only": {
          "em": 0.0,
          "f1": 0.0,
          "recall": 0.0,
          "precision": 0.0,
          "count": 4
        }
      },
      "query_metrics": {
        "unparsable_sparql_queries": 0,
        "unavailable_sparql_queries": 1
      },
      "state_metrics": {
        "success": 11,
        "fail": 4,
        "init": 0,
        "error_api": 0,
        "unknown": 0,
        "success_rate": 0.7333333333333333,
        "failure_rate": 0.26666666666666666
      },
      "resource_metrics": {
        "avg_tokens_in": 43540.28571428572,
        "avg_tokens_out": 957.9285714285714,
        "avg_elapsed_time": 69425.28571428571,
        "avg_iteration": 6.214285714285714,
        "count": 14
      }
    },
    "member": {
      "dataset_metrics": {
        "total_queries": 7,
        "evaluated_queries": 7,
        "success_count": 5,
        "failure_count": 2
      },
      "performance_metrics": {
        "em": 0.0,
        "f1": 0.1607433217189315,
        "recall": 0.15075707702435812,
        "precision": 0.2857142857142857,
        "success_only": {
          "em": 0.0,
          "f1": 0.22504065040650406,
          "recall": 0.2110599078341014,
          "precision": 0.4,
          "count": 5
        },
        "failure_only": {
          "em": 0.0,
          "f1": 0.0,
          "recall": 0.0,
          "precision": 0.0,
          "count": 2
        }
      },
      "query_metrics": {
        "unparsable_sparql_queries": 0,
        "unavailable_sparql_queries": 0
      },
      "state_metrics": {
        "success": 5,
        "fail": 2,
        "init": 0,
        "error_api": 0,
        "unknown": 0,
        "success_rate": 0.7142857142857143,
        "failure_rate": 0.2857142857142857
      },
      "resource_metrics": {
        "avg_tokens_in": 117625.0,
        "avg_tokens_out": 1246.7142857142858,