{
  "metadata": {
    "commit_id": "bd93e3ca1a9ff181f4bb4f52d93dcfe368105cfc",
    "git_label": "v0.2.9",
    "model": "llama-3.3-70b-instruct",
    "knowledge_graph_files": "/home/dorschre/01_Projects/test/natural-language-query-answering/knowledge-graph/velektronik-graph-clean/abox-en.ttl.gz /home/dorschre/01_Projects/test/natural-language-query-answering/knowledge-graph/velektronik-graph-clean/tbox.ttl"
  },
  "subjects": {
    "three triple patterns": {
      "dataset_metrics": {
        "total_queries": 27,
        "evaluated_queries": 27,
        "success_count": 10,
        "failure_count": 16
      },
      "performance_metrics": {
        "em": 0.14814814814814814,
        "f1": 0.18692987583470602,
        "recall": 0.21522633744855965,
        "precision": 0.19044727787897187,
        "success_only": {
          "em": 0.4,
          "f1": 0.5047106647537063,
          "recall": 0.5811111111111111,
          "precision": 0.514207650273224,
          "count": 10
        },
        "failure_only": {
          "em": 0.0,
          "f1": 0.0,
          "recall": 0.0,
          "precision": 0.0,
          "count": 16
        }
      },
      "query_metrics": {
        "unparsable_sparql_queries": 1,
        "unavailable_sparql_queries": 0
      },
      "state_metrics": {
        "success": 10,
        "fail": 17,
        "init": 0,
        "error_api": 0,
        "unknown": 0,
        "success_rate": 0.37037037037037035,
        "failure_rate": 0.6296296296296297
      },
      "resource_metrics": {
        "avg_tokens_in": 61052.269230769234,
        "avg_tokens_out": 1024.3076923076924,
        "avg_elapsed_time": 78670.92307692308,
        "avg_iteration": 6.615384615384615,
        "count": 26
      }
    },
    "supply": {
      "dataset_metrics": {
        "total_queries": 12,
        "evaluated_queries": 12,
        "success_count": 6,
        "failure_count": 5
      },
      "performance_metrics": {
        "em": 0.08333333333333333,
        "f1": 0.11437416331994645,
        "recall": 0.10846560846560847,
        "precision": 0.13888888888888887,
        "success_only": {
          "em": 0.16666666666666666,
          "f1": 0.2287483266398929,
          "recall": 0.21693121693121695,
          "precision": 0.27777777777777773,
          "count": 6
        },
        "failure_only": {
          "em": 0.0,
          "f1": 0.0,
          "recall": 0.0,
          "precision": 0.0,
          "count": 5
        }
      },
      "query_metrics": {
        "unparsable_sparql_queries": 1,
        "unavailable_sparql_queries": 0
      },
      "state_metrics": {
        "success": 6,
        "fail": 6,
        "init": 0,
        "error_api": 0,
        "unknown": 0,
        "success_rate": 0.5,
        "failure_rate": 0.5
      },
      "resource_metrics": {
        "avg_tokens_in": 32281.81818181818,
        "avg_tokens_out": 895.8181818181819,
        "avg_elapsed_time": 61498.63636363636,
        "avg_iteration": 5.454545454545454,
        "count": 11
      }
    },
    "keyfigure": {
      "dataset_metrics": {
        "total_queries": 15,
        "evaluated_queries": 15,
        "success_count": 4,
        "failure_count": 11
      },
      "performance_metrics": {
        "em": 0.06666666666666667,
        "f1": 0.06666666666666667,
        "recall": 0.06666666666666667,
        "precision": 0.06666666666666667,
        "success_only": {
          "em": 0.25,
          "f1": 0.25,
          "recall": 0.25,
          "precision": 0.25,
          "count": 4
        },
        "failure_only": {
          "em": 0.0,
          "f1": 0.0,
          "recall": 0.0,
          "precision": 0.0,
          "count": 11
        }
      },
      "query_metrics": {
        "unparsable_sparql_queries": 0,
        "unavailable_sparql_queries": 0
      },
      "state_metrics": {
        "success": 4,
        "fail": 11,
        "init": 0,
        "error_api": 0,
        "unknown": 0,
        "success_rate": 0.26666666666666666,
        "failure_rate": 0.7333333333333333
      },
      "resource_metrics": {
        "avg_tokens_in": 71363.73333333334,
        "avg_tokens_out": 1135.1333333333334,
        "avg_elapsed_time": 81932.93333333333,
        "avg_iteration": 7.4,
        "count": 15
      }
    },
    "four triple patterns": {
      "dataset_metrics": {
        "total_queries": 14,
        "evaluated_queries": 14,
        "success_count": 7,
        "failure_count": 7
      },
      "performance_metrics": {
        "em": 0.07142857142857142,
        "f1": 0.2059572744369518,
        "recall": 0.29638193987272327,
        "precision": 0.21675159956967333,
        "success_only": {
          "em": 0.14285714285714285,
          "f1": 0.4119145488739036,
          "recall": 0.5927638797454465,
          "precision": 0.43350319913934665,
          "count": 7
        },
        "failure_only": {
          "em": 0.0,
          "f1": 0.0,
          "recall": 0.0,
          "precision": 0.0,
          "count": 7
        }
      },
      "query_metrics": {
        "unparsable_sparql_queries": 0,
        "unavailable_sparql_queries": 0
      },
      "state_metrics": {
        "success": 7,
        "fail": 7,
        "init": 0,
        "error_api": 0,
        "unknown": 0,
        "success_rate": 0.5,
        "failure_rate": 0.5
      },
      "resource_metrics": {
        "avg_tokens_in": 69432.07142857143,
        "avg_tokens_out": 909.5,
        "avg_elapsed_time": 68614.64285714286,
        "avg_iteration": 5.785714285714286,
        "count": 14
      }
    },
    "geo": {
      "dataset_metrics": {
        "total_queries": 15,
        "evaluated_queries": 15,
        "success_count": 7,
        "failure_count": 7
      },
      "performance_metrics": {
        "em": 0.13333333333333333,
        "f1": 0.2864737765024709,
        "recall": 0.3466666666666667,
        "precision": 0.3050273224043716,
        "success_only": {
          "em": 0.2857142857142857,
          "f1": 0.6138723782195805,
          "recall": 0.7428571428571429,
          "precision": 0.6536299765807962,
          "count": 7
        },
        "failure_only": {
          "em": 0.0,
          "f1": 0.0,
          "recall": 0.0,
          "precision": 0.0,
          "count": 7
        }
      },
      "query_metrics": {
        "unparsable_sparql_queries": 0,
        "unavailable_sparql_queries": 1
      },
      "state_metrics": {
        "success": 8,
        "fail": 7,
        "init": 0,
        "error_api": 0,
        "unknown": 0,
        "success_rate": 0.5333333333333333,
        "failure_rate": 0.4666666666666667
      },
      "resource_metrics": {
        "avg_tokens_in": 52734.28571428572,
        "avg_tokens_out": 996.0,
        "avg_elapsed_time": 77213.21428571429,
        "avg_iteration": 6.0,
        "count": 14
      }
    },
    "member": {
      "dataset_metrics": {
        "total_queries": 7,
        "evaluated_queries": 7,
        "success_count": 4,
        "failure_count": 3
      },
      "performance_metrics": {
        "em": 0.14285714285714285,
        "f1": 0.37026713124274097,
        "recall": 0.4226958525345622,
        "precision": 0.34761904761904766,
        "success_only": {
          "em": 0.25,
          "f1": 0.6479674796747967,
          "recall": 0.7397177419354839,
          "precision": 0.6083333333333334,
          "count": 4
        },
        "failure_only": {
          "em": 0.0,
          "f1": 0.0,
          "recall": 0.0,
          "precision": 0.0,
          "count": 3
        }
      },
      "query_metrics": {
        "unparsable_sparql_queries": 0,
        "unavailable_sparql_queries": 0
      },
      "state_metrics": {
        "success": 4,
        "fail": 3,
        "init": 0,
        "error_api": 0,
        "unknown": 0,
        "success_rate": 0.5714285714285714,
        "failure_rate": 0.42857142857142855
      },
      "resource_metrics": {
        "avg_tokens_in": 102936.28571428571,