{
  "metadata": {
    "commit_id": "bd93e3ca1a9ff181f4bb4f52d93dcfe368105cfc",
    "git_label": "v0.2.9",
    "model": "llama-3.3-70b-instruct",
    "knowledge_graph_files": "/home/dorschre/01_Projects/test/natural-language-query-answering/knowledge-graph/velektronik-graph-clean/abox-en.ttl.gz /home/dorschre/01_Projects/test/natural-language-query-answering/knowledge-graph/velektronik-graph-clean/tbox.ttl"
  },
  "dataset_metrics": {
    "dataset_size": 69,
    "evaluation_size": 67,
    "success_count": 40,
    "failure_count": 27
  },
  "performance_metrics": {
    "success": {
      "em": 0.26865671641791045,
      "f1": 0.34829913899756276,
      "recall": 0.4098575861093916,
      "precision": 0.3492375133128686
    },
    "overall": {
      "em": 0.2608695652173913,
      "f1": 0.3382035117802421,
      "recall": 0.39797765607723534,
      "precision": 0.3391146868400318
    },
    "success_only": {
      "em": 0.45,
      "f1": 0.5834010578209177,
      "recall": 0.6865114567332309,
      "precision": 0.5849728347990549
    },
    "failure_only": {
      "em": 0.0,
      "f1": 0.0,
      "recall": 0.0,
      "precision": 0.0
    }
  },
  "query_metrics": {
    "unparsable_sparql_queries": 1,
    "unavailable_sparql_queries": 1
  },
  "state_metrics": {
    "success": 41,
    "fail": 28,
    "init": 0,
    "error_api": 0,
    "unknown": 0,
    "success_rate": 0.5942028985507246,
    "failure_rate": 0.4057971014492754
  },
  "resource_metrics": {
    "avg_tokens_in": 50515.86567164179,
    "avg_tokens_out": 867.0298507462686,
    "avg_elapsed_time": 67189.49253731343,
    "avg_iteration": 5.776119402985074
  }
}