{
  "metadata": {
    "commit_id": "bd93e3ca1a9ff181f4bb4f52d93dcfe368105cfc",
    "git_label": "v0.2.9",
    "model": "llama-3.3-70b-instruct",
    "knowledge_graph_files": "/home/dorschre/01_Projects/test/natural-language-query-answering/knowledge-graph/velektronik-graph-clean/abox-en.ttl.gz /home/dorschre/01_Projects/test/natural-language-query-answering/knowledge-graph/velektronik-graph-clean/tbox.ttl"
  },
  "dataset_metrics": {
    "dataset_size": 69,
    "evaluation_size": 68,
    "success_count": 49,
    "failure_count": 19
  },
  "performance_metrics": {
    "success": {
      "em": 0.2647058823529412,
      "f1": 0.29531871619230643,
      "recall": 0.32640915316158087,
      "precision": 0.3162862959391407
    },
    "overall": {
      "em": 0.2608695652173913,
      "f1": 0.291038734798215,
      "recall": 0.3216785857244565,
      "precision": 0.31170243657770386
    },
    "success_only": {
      "em": 0.3673469387755102,
      "f1": 0.40943249350196564,
      "recall": 0.4325678043875,
      "precision": 0.4387271848630162
    },
    "failure_only": {
      "em": 0.0,
      "f1": 0.0010252904989747095,
      "recall": 0.05263157894736842,
      "precision": 0.0005176876617773944
    }
  },
  "query_metrics": {
    "unparsable_sparql_queries": 0,
    "unavailable_sparql_queries": 1
  },
  "state_metrics": {
    "success": 50,
    "fail": 19,
    "init": 0,
    "error_api": 0,
    "unknown": 0,
    "success_rate": 0.7246376811594203,
    "failure_rate": 0.2753623188405797
  },
  "resource_metrics": {
    "avg_tokens_in": 49268.220588235294,
    "avg_tokens_out": 858.1911764705883,
    "avg_elapsed_time": 61786.41176470588,
    "avg_iteration": 5.6911764705882355
  }
}