{
  "metadata": {
    "commit_id": "bd93e3ca1a9ff181f4bb4f52d93dcfe368105cfc",
    "git_label": "v0.2.9",
    "model": "llama-3.3-70b-instruct",
    "knowledge_graph_files": "/home/dorschre/01_Projects/test/natural-language-query-answering/knowledge-graph/velektronik-graph-clean/abox-en.ttl.gz /home/dorschre/01_Projects/test/natural-language-query-answering/knowledge-graph/velektronik-graph-clean/tbox.ttl"
  },
  "subjects": {
    "three triple patterns": {
      "dataset_metrics": {
        "total_queries": 27,
        "evaluated_queries": 27,
        "success_count": 18,
        "failure_count": 9
      },
      "performance_metrics": {
        "em": 0.18518518518518517,
        "f1": 0.19850831192294607,
        "recall": 0.2633744855967078,
        "precision": 0.2253794778384942,
        "success_only": {
          "em": 0.2777777777777778,
          "f1": 0.296680216802168,
          "recall": 0.3395061728395061,
          "precision": 0.33752276867030967,
          "count": 18
        },
        "failure_only": {
          "em": 0.0,
          "f1": 0.0021645021645021645,
          "recall": 0.1111111111111111,
          "precision": 0.001092896174863388,
          "count": 9
        }
      },
      "query_metrics": {
        "unparsable_sparql_queries": 0,
        "unavailable_sparql_queries": 0
      },
      "state_metrics": {
        "success": 18,
        "fail": 9,
        "init": 0,
        "error_api": 0,
        "unknown": 0,
        "success_rate": 0.6666666666666666,
        "failure_rate": 0.3333333333333333
      },
      "resource_metrics": {
        "avg_tokens_in": 52312.48148148148,
        "avg_tokens_out": 935.7407407407408,
        "avg_elapsed_time": 66850.70370370371,
        "avg_iteration": 6.222222222222222,
        "count": 27
      }
    },
    "supply": {
      "dataset_metrics": {
        "total_queries": 12,
        "evaluated_queries": 12,
        "success_count": 6,
        "failure_count": 6
      },
      "performance_metrics": {
        "em": 0.0,
        "f1": 0.0016233766233766233,
        "recall": 0.08333333333333333,
        "precision": 0.0008196721311475411,
        "success_only": {
          "em": 0.0,
          "f1": 0.0,
          "recall": 0.0,
          "precision": 0.0,
          "count": 6
        },
        "failure_only": {
          "em": 0.0,
          "f1": 0.0032467532467532465,
          "recall": 0.16666666666666666,
          "precision": 0.0016393442622950822,
          "count": 6
        }
      },
      "query_metrics": {
        "unparsable_sparql_queries": 0,
        "unavailable_sparql_queries": 0
      },
      "state_metrics": {
        "success": 6,
        "fail": 6,
        "init": 0,
        "error_api": 0,
        "unknown": 0,
        "success_rate": 0.5,
        "failure_rate": 0.5
      },
      "resource_metrics": {
        "avg_tokens_in": 56310.75,
        "avg_tokens_out": 1038.25,
        "avg_elapsed_time": 72237.33333333333,
        "avg_iteration": 6.5,
        "count": 12
      }
    },
    "keyfigure": {
      "dataset_metrics": {
        "total_queries": 15,
        "evaluated_queries": 15,
        "success_count": 7,
        "failure_count": 8
      },
      "performance_metrics": {
        "em": 0.0,
        "f1": 0.0,
        "recall": 0.0,
        "precision": 0.0,
        "success_only": {
          "em": 0.0,
          "f1": 0.0,
          "recall": 0.0,
          "precision": 0.0,
          "count": 7
        },
        "failure_only": {
          "em": 0.0,
          "f1": 0.0,
          "recall": 0.0,
          "precision": 0.0,
          "count": 8
        }
      },
      "query_metrics": {
        "unparsable_sparql_queries": 0,
        "unavailable_sparql_queries": 0
      },
      "state_metrics": {
        "success": 7,
        "fail": 8,
        "init": 0,
        "error_api": 0,
        "unknown": 0,
        "success_rate": 0.4666666666666667,
        "failure_rate": 0.5333333333333333
      },
      "resource_metrics": {
        "avg_tokens_in": 44771.26666666667,
        "avg_tokens_out": 907.0,
        "avg_elapsed_time": 61205.13333333333,
        "avg_iteration": 6.533333333333333,
        "count": 15
      }
    },
    "four triple patterns": {
      "dataset_metrics": {
        "total_queries": 14,
        "evaluated_queries": 14,
        "success_count": 6,
        "failure_count": 8
      },
      "performance_metrics": {
        "em": 0.0,
        "f1": 0.08037166085946575,
        "recall": 0.07537853851217906,
        "precision": 0.14285714285714285,
        "success_only": {
          "em": 0.0,
          "f1": 0.1875338753387534,
          "recall": 0.17588325652841783,
          "precision": 0.3333333333333333,
          "count": 6
        },
        "failure_only": {
          "em": 0.0,
          "f1": 0.0,
          "recall": 0.0,
          "precision": 0.0,
          "count": 8
        }
      },
      "query_metrics": {
        "unparsable_sparql_queries": 0,
        "unavailable_sparql_queries": 0
      },
      "state_metrics": {
        "success": 6,
        "fail": 8,
        "init": 0,
        "error_api": 0,
        "unknown": 0,
        "success_rate": 0.42857142857142855,
        "failure_rate": 0.5714285714285714
      },
      "resource_metrics": {
        "avg_tokens_in": 75588.21428571429,
        "avg_tokens_out": 945.7857142857143,
        "avg_elapsed_time": 72849.71428571429,
        "avg_iteration": 6.071428571428571,
        "count": 14
      }
    },
    "geo": {
      "dataset_metrics": {
        "total_queries": 15,
        "evaluated_queries": 15,
        "success_count": 14,
        "failure_count": 1
      },
      "performance_metrics": {
        "em": 0.4,
        "f1": 0.40934959349593497,
        "recall": 0.4666666666666667,
        "precision": 0.40502732240437156,
        "success_only": {
          "em": 0.42857142857142855,
          "f1": 0.43858885017421606,
          "recall": 0.5,
          "precision": 0.4339578454332553,
          "count": 14
        },
        "failure_only": {
          "em": 0.0,
          "f1": 0.0,
          "recall": 0.0,
          "precision": 0.0,
          "count": 1
        }
      },
      "query_metrics": {
        "unparsable_sparql_queries": 0,
        "unavailable_sparql_queries": 0
      },
      "state_metrics": {
        "success": 14,
        "fail": 1,
        "init": 0,
        "error_api": 0,
        "unknown": 0,
        "success_rate": 0.9333333333333333,
        "failure_rate": 0.06666666666666667
      },
      "resource_metrics": {
        "avg_tokens_in": 47060.6,
        "avg_tokens_out": 841.5333333333333,
        "avg_elapsed_time": 66994.0,
        "avg_iteration": 5.8,
        "count": 15
      }
    },
    "member": {
      "dataset_metrics": {
        "total_queries": 7,
        "evaluated_queries": 7,
        "success_count": 5,
        "failure_count": 2
      },
      "performance_metrics": {
        "em": 0.14285714285714285,
        "f1": 0.3036004645760743,
        "recall": 0.293614219881501,
        "precision": 0.42857142857142855,
        "success_only": {
          "em": 0.2,
          "f1": 0.425040650406504,
          "recall": 0.4110599078341014,
          "precision": 0.6,
          "count": 5
        },
        "failure_only": {
          "em": 0.0,
          "f1": 0.0,
          "recall": 0.0,
          "precision": 0.0,
          "count": 2
        }
      },
      "query_metrics": {
        "unparsable_sparql_queries": 0,
        "unavailable_sparql_queries": 0
      },
      "state_metrics": {
        "success": 5,
        "fail": 2,
        "init": 0,
        "error_api": 0,
        "unknown": 0,
        "success_rate": 0.7142857142857143,
        "failure_rate": 0.2857142857142857
      },
      "resource_metrics": {
        "avg_tokens_in": 115742.28571428571,
        "avg_tokens_out": 942.5714285714286,
        "avg_elapsed_time": 79468.42857142857,
        "avg_iteration": 6.0,