{
  "metadata": {
    "commit_id": "bd93e3ca1a9ff181f4bb4f52d93dcfe368105cfc",
    "git_label": "v0.2.9",
    "model": "accounts/fireworks/models/llama-v3p3-70b-instruct",
    "knowledge_graph_files": "/home/dorschre/01_Projects/test/natural-language-query-answering/knowledge-graph/velektronik-graph-clean/abox-en.ttl.gz /home/dorschre/01_Projects/test/natural-language-query-answering/knowledge-graph/velektronik-graph-clean/tbox.ttl"
  },
  "subjects": {
    "three triple patterns": {
      "dataset_metrics": {
        "total_queries": 27,
        "evaluated_queries": 27,
        "success_count": 14,
        "failure_count": 12
      },
      "performance_metrics": {
        "em": 0.07407407407407407,
        "f1": 0.14845448595266758,
        "recall": 0.22185336581471848,
        "precision": 0.1996653760066106,
        "success_only": {
          "em": 0.14285714285714285,
          "f1": 0.25312013468532474,
          "recall": 0.3564314912140999,
          "precision": 0.36345586616773057,
          "count": 14
        },
        "failure_only": {
          "em": 0.0,
          "f1": 0.03871576959395657,
          "recall": 0.08333333333333333,
          "precision": 0.025215252152521527,
          "count": 12
        }
      },
      "query_metrics": {
        "unparsable_sparql_queries": 1,
        "unavailable_sparql_queries": 0
      },
      "state_metrics": {
        "success": 15,
        "fail": 12,
        "init": 0,
        "error_api": 0,
        "unknown": 0,
        "success_rate": 0.5555555555555556,
        "failure_rate": 0.4444444444444444
      },
      "resource_metrics": {
        "avg_tokens_in": 50066.192307692305,
        "avg_tokens_out": 932.4230769230769,
        "avg_elapsed_time": 14767.615384615385,
        "avg_iteration": 5.961538461538462,
        "count": 26
      }
    },
    "supply": {
      "dataset_metrics": {
        "total_queries": 12,
        "evaluated_queries": 12,
        "success_count": 5,
        "failure_count": 7
      },
      "performance_metrics": {
        "em": 0.0,
        "f1": 0.03108450573783604,
        "recall": 0.09523809523809523,
        "precision": 0.05365497076023392,
        "success_only": {
          "em": 0.0,
          "f1": 0.057831325301204814,
          "recall": 0.03809523809523809,
          "precision": 0.12,
          "count": 5
        },
        "failure_only": {
          "em": 0.0,
          "f1": 0.011979634621144056,
          "recall": 0.13605442176870747,
          "precision": 0.006265664160401002,
          "count": 7
        }
      },
      "query_metrics": {
        "unparsable_sparql_queries": 0,
        "unavailable_sparql_queries": 0
      },
      "state_metrics": {
        "success": 5,
        "fail": 7,
        "init": 0,
        "error_api": 0,
        "unknown": 0,
        "success_rate": 0.4166666666666667,
        "failure_rate": 0.5833333333333334
      },
      "resource_metrics": {
        "avg_tokens_in": 34056.916666666664,
        "avg_tokens_out": 810.5,
        "avg_elapsed_time": 14210.0,
        "avg_iteration": 5.583333333333333,
        "count": 12
      }
    },
    "keyfigure": {
      "dataset_metrics": {
        "total_queries": 15,
        "evaluated_queries": 15,
        "success_count": 7,
        "failure_count": 8
      },
      "performance_metrics": {
        "em": 0.06666666666666667,
        "f1": 0.11586663558842651,
        "recall": 0.2016025641025641,
        "precision": 0.15915525256947485,
        "success_only": {
          "em": 0.14285714285714285,
          "f1": 0.18191575695698842,
          "recall": 0.2891483516483517,
          "precision": 0.297820823244552,
          "count": 7
        },
        "failure_only": {
          "em": 0.0,
          "f1": 0.05807365439093485,
          "recall": 0.125,
          "precision": 0.03782287822878229,
          "count": 8
        }
      },
      "query_metrics": {
        "unparsable_sparql_queries": 0,
        "unavailable_sparql_queries": 0
      },
      "state_metrics": {
        "success": 7,
        "fail": 8,
        "init": 0,
        "error_api": 0,
        "unknown": 0,
        "success_rate": 0.4666666666666667,
        "failure_rate": 0.5333333333333333
      },
      "resource_metrics": {
        "avg_tokens_in": 35044.26666666667,
        "avg_tokens_out": 878.7333333333333,
        "avg_elapsed_time": 12958.333333333334,
        "avg_iteration": 5.666666666666667,
        "count": 15
      }
    },
    "four triple patterns": {
      "dataset_metrics": {
        "total_queries": 14,
        "evaluated_queries": 14,
        "success_count": 6,
        "failure_count": 8
      },
      "performance_metrics": {
        "em": 0.07142857142857142,
        "f1": 0.21177742768237282,
        "recall": 0.2929805793285056,
        "precision": 0.2197994987468672,
        "success_only": {
          "em": 0.16666666666666666,
          "f1": 0.4801710908675352,
          "recall": 0.5248911930363543,
          "precision": 0.5055555555555555,
          "count": 6
        },
        "failure_only": {
          "em": 0.0,
          "f1": 0.010482180293501049,
          "recall": 0.11904761904761904,
          "precision": 0.005482456140350877,
          "count": 8
        }
      },
      "query_metrics": {
        "unparsable_sparql_queries": 0,
        "unavailable_sparql_queries": 0
      },
      "state_metrics": {
        "success": 6,
        "fail": 8,
        "init": 0,
        "error_api": 0,
        "unknown": 0,
        "success_rate": 0.42857142857142855,
        "failure_rate": 0.5714285714285714
      },
      "resource_metrics": {
        "avg_tokens_in": 50214.28571428572,
        "avg_tokens_out": 733.8571428571429,
        "avg_elapsed_time": 12356.0,
        "avg_iteration": 5.0,
        "count": 14
      }
    },
    "geo": {
      "dataset_metrics": {
        "total_queries": 15,
        "evaluated_queries": 15,
        "success_count": 13,
        "failure_count": 2
      },
      "performance_metrics": {
        "em": 0.3333333333333333,
        "f1": 0.41252790971461045,
        "recall": 0.46115942028985507,
        "precision": 0.46690909090909094,
        "success_only": {
          "em": 0.38461538461538464,
          "f1": 0.4759937419783967,
          "recall": 0.5321070234113713,
          "precision": 0.5387412587412588,
          "count": 13
        },
        "failure_only": {
          "em": 0.0,
          "f1": 0.0,
          "recall": 0.0,
          "precision": 0.0,
          "count": 2
        }
      },
      "query_metrics": {
        "unparsable_sparql_queries": 0,
        "unavailable_sparql_queries": 0
      },
      "state_metrics": {
        "success": 13,
        "fail": 2,
        "init": 0,
        "error_api": 0,
        "unknown": 0,
        "success_rate": 0.8666666666666667,
        "failure_rate": 0.13333333333333333
      },
      "resource_metrics": {
        "avg_tokens_in": 51519.8,
        "avg_tokens_out": 936.4666666666667,
        "avg_elapsed_time": 14547.533333333333,
        "avg_iteration": 5.6,
        "count": 15
      }
    },
    "member": {
      "dataset_metrics": {
        "total_queries": 7,
        "evaluated_queries": 7,
        "success_count": 4,
        "failure_count": 2
      },
      "performance_metrics": {
        "em": 0.2857142857142857,
        "f1": 0.5131242740998838,
        "recall": 0.5655529953917051,
        "precision": 0.4904761904761905,
        "success_only": {
          "em": 0.5,
          "f1": 0.8979674796747967,
          "recall": 0.9897177419354839,
          "precision": 0.8583333333333334,
          "count": 4
        },
        "failure_only": {
          "em": 0.0,
          "f1": 0.0,
          "recall": 0.0,
          "precision": 0.0,
          "count": 2
        }
      },
      "query_metrics": {
        "unparsable_sparql_queries": 1,
        "unavailable_sparql_queries": 0
      },
      "state_metrics": {
        "success": 5,