{
  "metadata": {
    "commit_id": "bd93e3ca1a9ff181f4bb4f52d93dcfe368105cfc",
    "git_label": "v0.2.9",
    "model": "llama-3.3-70b-instruct",
    "knowledge_graph_files": "/home/dorschre/01_Projects/test/natural-language-query-answering/knowledge-graph/velektronik-graph-clean/abox-en.ttl.gz /home/dorschre/01_Projects/test/natural-language-query-answering/knowledge-graph/velektronik-graph-clean/tbox.ttl"
  },
  "dataset_metrics": {
    "dataset_size": 69,
    "evaluation_size": 69,
    "success_count": 43,
    "failure_count": 26
  },
  "performance_metrics": {
    "success": {
      "em": 0.2463768115942029,
      "f1": 0.31146407997231984,
      "recall": 0.396729668959683,
      "precision": 0.3144819102156387
    },
    "overall": {
      "em": 0.2463768115942029,
      "f1": 0.31146407997231984,
      "recall": 0.396729668959683,
      "precision": 0.3144819102156387
    },
    "success_only": {
      "em": 0.3953488372093023,
      "f1": 0.49979119809511785,
      "recall": 0.6366127246097238,
      "precision": 0.5046337629041645
    },
    "failure_only": {
      "em": 0.0,
      "f1": 0.0,
      "recall": 0.0,
      "precision": 0.0
    }
  },
  "query_metrics": {
    "unparsable_sparql_queries": 0,
    "unavailable_sparql_queries": 0
  },
  "state_metrics": {
    "success": 43,
    "fail": 26,
    "init": 0,
    "error_api": 0,
    "unknown": 0,
    "success_rate": 0.6231884057971014,
    "failure_rate": 0.37681159420289856
  },
  "resource_metrics": {
    "avg_tokens_in": 54861.24637681159,
    "avg_tokens_out": 869.8405797101449,
    "avg_elapsed_time": 70136.42028985507,
    "avg_iteration": 5.884057971014493
  }
}