{
  "metadata": {
    "commit_id": "bd93e3ca1a9ff181f4bb4f52d93dcfe368105cfc",
    "git_label": "v0.2.9",
    "model": "llama-3.3-70b-instruct",
    "knowledge_graph_files": "/home/dorschre/01_Projects/test/natural-language-query-answering/knowledge-graph/velektronik-graph-clean/abox-en.ttl.gz /home/dorschre/01_Projects/test/natural-language-query-answering/knowledge-graph/velektronik-graph-clean/tbox.ttl"
  },
  "subjects": {
    "three triple patterns": {
      "dataset_metrics": {
        "total_queries": 27,
        "evaluated_queries": 27,
        "success_count": 13,
        "failure_count": 13
      },
      "performance_metrics": {
        "em": 0.18518518518518517,
        "f1": 0.21984692867045807,
        "recall": 0.28627450980392155,
        "precision": 0.26029695865761443,
        "success_only": {
          "em": 0.38461538461538464,
          "f1": 0.45660515954633596,
          "recall": 0.5945701357466063,
          "precision": 0.5406167602888915,
          "count": 13
        },
        "failure_only": {
          "em": 0.0,
          "f1": 0.0,
          "recall": 0.0,
          "precision": 0.0,
          "count": 13
        }
      },
      "query_metrics": {
        "unparsable_sparql_queries": 1,
        "unavailable_sparql_queries": 0
      },
      "state_metrics": {
        "success": 13,
        "fail": 14,
        "init": 0,
        "error_api": 0,
        "unknown": 0,
        "success_rate": 0.48148148148148145,
        "failure_rate": 0.5185185185185185
      },
      "resource_metrics": {
        "avg_tokens_in": 53884.57692307692,
        "avg_tokens_out": 1007.4615384615385,
        "avg_elapsed_time": 67528.88461538461,
        "avg_iteration": 6.538461538461538,
        "count": 26
      }
    },
    "supply": {
      "dataset_metrics": {
        "total_queries": 12,
        "evaluated_queries": 12,
        "success_count": 5,
        "failure_count": 7
      },
      "performance_metrics": {
        "em": 0.08333333333333333,
        "f1": 0.11162337662337662,
        "recall": 0.18253968253968256,
        "precision": 0.1674863387978142,
        "success_only": {
          "em": 0.2,
          "f1": 0.2678961038961039,
          "recall": 0.43809523809523815,
          "precision": 0.4019672131147541,
          "count": 5
        },
        "failure_only": {
          "em": 0.0,
          "f1": 0.0,
          "recall": 0.0,
          "precision": 0.0,
          "count": 7
        }
      },
      "query_metrics": {
        "unparsable_sparql_queries": 0,
        "unavailable_sparql_queries": 0
      },
      "state_metrics": {
        "success": 5,
        "fail": 7,
        "init": 0,
        "error_api": 0,
        "unknown": 0,
        "success_rate": 0.4166666666666667,
        "failure_rate": 0.5833333333333334
      },
      "resource_metrics": {
        "avg_tokens_in": 33635.75,
        "avg_tokens_out": 823.75,
        "avg_elapsed_time": 53544.583333333336,
        "avg_iteration": 5.833333333333333,
        "count": 12
      }
    },
    "keyfigure": {
      "dataset_metrics": {
        "total_queries": 15,
        "evaluated_queries": 15,
        "success_count": 7,
        "failure_count": 8
      },
      "performance_metrics": {
        "em": 0.06666666666666667,
        "f1": 0.06666666666666667,
        "recall": 0.06666666666666667,
        "precision": 0.06666666666666667,
        "success_only": {
          "em": 0.14285714285714285,
          "f1": 0.14285714285714285,
          "recall": 0.14285714285714285,
          "precision": 0.14285714285714285,
          "count": 7
        },
        "failure_only": {
          "em": 0.0,
          "f1": 0.0,
          "recall": 0.0,
          "precision": 0.0,
          "count": 8
        }
      },
      "query_metrics": {
        "unparsable_sparql_queries": 0,
        "unavailable_sparql_queries": 0
      },
      "state_metrics": {
        "success": 7,
        "fail": 8,
        "init": 0,
        "error_api": 0,
        "unknown": 0,
        "success_rate": 0.4666666666666667,
        "failure_rate": 0.5333333333333333
      },
      "resource_metrics": {
        "avg_tokens_in": 57344.666666666664,
        "avg_tokens_out": 1015.9333333333333,
        "avg_elapsed_time": 73661.73333333334,
        "avg_iteration": 6.733333333333333,
        "count": 15
      }
    },
    "four triple patterns": {
      "dataset_metrics": {
        "total_queries": 14,
        "evaluated_queries": 14,
        "success_count": 6,
        "failure_count": 8
      },
      "performance_metrics": {
        "em": 0.0,
        "f1": 0.1365621370499419,
        "recall": 0.15352479701558042,
        "precision": 0.17380952380952383,
        "success_only": {
          "em": 0.0,
          "f1": 0.31864498644986444,
          "recall": 0.35822452636968766,
          "precision": 0.4055555555555556,
          "count": 6
        },
        "failure_only": {
          "em": 0.0,
          "f1": 0.0,
          "recall": 0.0,
          "precision": 0.0,
          "count": 8
        }
      },
      "query_metrics": {
        "unparsable_sparql_queries": 0,
        "unavailable_sparql_queries": 0
      },
      "state_metrics": {
        "success": 6,
        "fail": 8,
        "init": 0,
        "error_api": 0,
        "unknown": 0,
        "success_rate": 0.42857142857142855,
        "failure_rate": 0.5714285714285714
      },
      "resource_metrics": {
        "avg_tokens_in": 73461.85714285714,
        "avg_tokens_out": 838.2857142857143,
        "avg_elapsed_time": 68083.57142857143,
        "avg_iteration": 5.785714285714286,
        "count": 14
      }
    },
    "geo": {
      "dataset_metrics": {
        "total_queries": 15,
        "evaluated_queries": 15,
        "success_count": 10,
        "failure_count": 3
      },
      "performance_metrics": {
        "em": 0.3333333333333333,
        "f1": 0.39061624649859944,
        "recall": 0.44666666666666666,
        "precision": 0.40121212121212124,
        "success_only": {
          "em": 0.5,
          "f1": 0.5859243697478991,
          "recall": 0.67,
          "precision": 0.6018181818181818,
          "count": 10
        },
        "failure_only": {
          "em": 0.0,
          "f1": 0.0,
          "recall": 0.0,
          "precision": 0.0,
          "count": 3
        }
      },
      "query_metrics": {
        "unparsable_sparql_queries": 1,
        "unavailable_sparql_queries": 1
      },
      "state_metrics": {
        "success": 11,
        "fail": 4,
        "init": 0,
        "error_api": 0,
        "unknown": 0,
        "success_rate": 0.7333333333333333,
        "failure_rate": 0.26666666666666666
      },
      "resource_metrics": {
        "avg_tokens_in": 48052.92307692308,
        "avg_tokens_out": 1007.6153846153846,
        "avg_elapsed_time": 65079.0,
        "avg_iteration": 6.076923076923077,
        "count": 13
      }
    },
    "member": {
      "dataset_metrics": {
        "total_queries": 7,
        "evaluated_queries": 7,
        "success_count": 5,
        "failure_count": 2
      },
      "performance_metrics": {
        "em": 0.14285714285714285,
        "f1": 0.3784303965488634,
        "recall": 0.4268975332068311,
        "precision": 0.4904761904761905,
        "success_only": {
          "em": 0.2,
          "f1": 0.5298025551684088,
          "recall": 0.5976565464895636,
          "precision": 0.6866666666666668,
          "count": 5
        },
        "failure_only": {
          "em": 0.0,
          "f1": 0.0,
          "recall": 0.0,
          "precision": 0.0,
          "count": 2
        }
      },
      "query_metrics": {
        "unparsable_sparql_queries": 0,
        "unavailable_sparql_queries": 0
      },
      "state_metrics": {
        "success": 5,
        "fail": 2,
        "init": 0,
        "error_api": 0,
        "unknown": 0,
        "success_rate": 0.7142857142857143,
        "failure_rate": 0.2857142857142857
      },