{
  "metadata": {
    "commit_id": "bd93e3ca1a9ff181f4bb4f52d93dcfe368105cfc",
    "git_label": "v0.2.9",
    "model": "llama-3.3-70b-instruct",
    "knowledge_graph_files": "/home/dorschre/01_Projects/test/natural-language-query-answering/knowledge-graph/velektronik-graph-clean/abox-en.ttl.gz /home/dorschre/01_Projects/test/natural-language-query-answering/knowledge-graph/velektronik-graph-clean/tbox.ttl"
  },
  "subjects": {
    "three triple patterns": {
      "dataset_metrics": {
        "total_queries": 27,
        "evaluated_queries": 27,
        "success_count": 13,
        "failure_count": 13
      },
      "performance_metrics": {
        "em": 0.07407407407407407,
        "f1": 0.08760528259078114,
        "recall": 0.12196034418256642,
        "precision": 0.11608271723990142,
        "success_only": {
          "em": 0.15384615384615385,
          "f1": 0.18194943307316083,
          "recall": 0.2533022533022533,
          "precision": 0.24109487426748755,
          "count": 13
        },
        "failure_only": {
          "em": 0.0,
          "f1": 0.0,
          "recall": 0.0,
          "precision": 0.0,
          "count": 13
        }
      },
      "query_metrics": {
        "unparsable_sparql_queries": 0,
        "unavailable_sparql_queries": 1
      },
      "state_metrics": {
        "success": 14,
        "fail": 13,
        "init": 0,
        "error_api": 0,
        "unknown": 0,
        "success_rate": 0.5185185185185185,
        "failure_rate": 0.48148148148148145
      },
      "resource_metrics": {
        "avg_tokens_in": 55385.269230769234,
        "avg_tokens_out": 986.9230769230769,
        "avg_elapsed_time": 64924.53846153846,
        "avg_iteration": 6.346153846153846,
        "count": 26
      }
    },
    "supply": {
      "dataset_metrics": {
        "total_queries": 12,
        "evaluated_queries": 12,
        "success_count": 6,
        "failure_count": 6
      },
      "performance_metrics": {
        "em": 0.16666666666666666,
        "f1": 0.1744186046511628,
        "recall": 0.1851851851851852,
        "precision": 0.17156862745098037,
        "success_only": {
          "em": 0.3333333333333333,
          "f1": 0.3488372093023256,
          "recall": 0.3703703703703704,
          "precision": 0.34313725490196073,
          "count": 6
        },
        "failure_only": {
          "em": 0.0,
          "f1": 0.0,
          "recall": 0.0,
          "precision": 0.0,
          "count": 6
        }
      },
      "query_metrics": {
        "unparsable_sparql_queries": 0,
        "unavailable_sparql_queries": 0
      },
      "state_metrics": {
        "success": 6,
        "fail": 6,
        "init": 0,
        "error_api": 0,
        "unknown": 0,
        "success_rate": 0.5,
        "failure_rate": 0.5
      },
      "resource_metrics": {
        "avg_tokens_in": 43850.25,
        "avg_tokens_out": 995.4166666666666,
        "avg_elapsed_time": 65404.416666666664,
        "avg_iteration": 6.666666666666667,
        "count": 12
      }
    },
    "keyfigure": {
      "dataset_metrics": {
        "total_queries": 15,
        "evaluated_queries": 15,
        "success_count": 3,
        "failure_count": 11
      },
      "performance_metrics": {
        "em": 0.0,
        "f1": 0.0,
        "recall": 0.0,
        "precision": 0.0,
        "success_only": {
          "em": 0.0,
          "f1": 0.0,
          "recall": 0.0,
          "precision": 0.0,
          "count": 3
        },
        "failure_only": {
          "em": 0.0,
          "f1": 0.0,
          "recall": 0.0,
          "precision": 0.0,
          "count": 11
        }
      },
      "query_metrics": {
        "unparsable_sparql_queries": 0,
        "unavailable_sparql_queries": 1
      },
      "state_metrics": {
        "success": 4,
        "fail": 11,
        "init": 0,
        "error_api": 0,
        "unknown": 0,
        "success_rate": 0.26666666666666666,
        "failure_rate": 0.7333333333333333
      },
      "resource_metrics": {
        "avg_tokens_in": 54846.0,
        "avg_tokens_out": 1131.142857142857,
        "avg_elapsed_time": 74537.28571428571,
        "avg_iteration": 7.071428571428571,
        "count": 14
      }
    },
    "four triple patterns": {
      "dataset_metrics": {
        "total_queries": 14,
        "evaluated_queries": 14,
        "success_count": 8,
        "failure_count": 6
      },
      "performance_metrics": {
        "em": 0.14285714285714285,
        "f1": 0.17675544794188863,
        "recall": 0.21428571428571427,
        "precision": 0.16507936507936508,
        "success_only": {
          "em": 0.25,
          "f1": 0.3093220338983051,
          "recall": 0.375,
          "precision": 0.28888888888888886,
          "count": 8
        },
        "failure_only": {
          "em": 0.0,
          "f1": 0.0,
          "recall": 0.0,
          "precision": 0.0,
          "count": 6
        }
      },
      "query_metrics": {
        "unparsable_sparql_queries": 0,
        "unavailable_sparql_queries": 0
      },
      "state_metrics": {
        "success": 8,
        "fail": 6,
        "init": 0,
        "error_api": 0,
        "unknown": 0,
        "success_rate": 0.5714285714285714,
        "failure_rate": 0.42857142857142855
      },
      "resource_metrics": {
        "avg_tokens_in": 64126.857142857145,
        "avg_tokens_out": 972.3571428571429,
        "avg_elapsed_time": 71545.0,
        "avg_iteration": 6.214285714285714,
        "count": 14
      }
    },
    "geo": {
      "dataset_metrics": {
        "total_queries": 15,
        "evaluated_queries": 15,
        "success_count": 12,
        "failure_count": 3
      },
      "performance_metrics": {
        "em": 0.3333333333333333,
        "f1": 0.3426829268292683,
        "recall": 0.4,
        "precision": 0.3383606557377049,
        "success_only": {
          "em": 0.4166666666666667,
          "f1": 0.4283536585365854,
          "recall": 0.5,
          "precision": 0.42295081967213116,
          "count": 12
        },
        "failure_only": {
          "em": 0.0,
          "f1": 0.0,
          "recall": 0.0,
          "precision": 0.0,
          "count": 3
        }
      },
      "query_metrics": {
        "unparsable_sparql_queries": 0,
        "unavailable_sparql_queries": 0
      },
      "state_metrics": {
        "success": 12,
        "fail": 3,
        "init": 0,
        "error_api": 0,
        "unknown": 0,
        "success_rate": 0.8,
        "failure_rate": 0.2
      },
      "resource_metrics": {
        "avg_tokens_in": 57830.333333333336,
        "avg_tokens_out": 882.2,
        "avg_elapsed_time": 61162.2,
        "avg_iteration": 6.0,
        "count": 15
      }
    },
    "member": {
      "dataset_metrics": {
        "total_queries": 7,
        "evaluated_queries": 7,
        "success_count": 5,
        "failure_count": 2
      },
      "performance_metrics": {
        "em": 0.14285714285714285,
        "f1": 0.2106537530266344,
        "recall": 0.2857142857142857,
        "precision": 0.1873015873015873,
        "success_only": {
          "em": 0.2,
          "f1": 0.29491525423728815,
          "recall": 0.4,
          "precision": 0.26222222222222225,
          "count": 5
        },
        "failure_only": {
          "em": 0.0,
          "f1": 0.0,
          "recall": 0.0,
          "precision": 0.0,
          "count": 2
        }
      },
      "query_metrics": {
        "unparsable_sparql_queries": 0,
        "unavailable_sparql_queries": 0
      },
      "state_metrics": {
        "success": 5,
        "fail": 2,
        "init": 0,
        "error_api": 0,
        "unknown": 0,
        "success_rate": 0.7142857142857143,
        "failure_rate": 0.2857142857142857
      },
      "resource_metrics": {
        "avg_tokens_in": 103247.28571428571,
        "avg_tokens_out": 924.2857142857143,
        "avg_elapsed_time": 71454.57142857143,
        "avg_iteration": 5.857142857142857,
        "count": 7
      }
    },