{
  "metadata": {
    "commit_id": "bd93e3ca1a9ff181f4bb4f52d93dcfe368105cfc",
    "git_label": "v0.2.9",
    "model": "llama-3.3-70b-instruct",
    "knowledge_graph_files": "/home/dorschre/01_Projects/test/natural-language-query-answering/knowledge-graph/velektronik-graph-clean/abox-en.ttl.gz /home/dorschre/01_Projects/test/natural-language-query-answering/knowledge-graph/velektronik-graph-clean/tbox.ttl"
  },
  "dataset_metrics": {
    "dataset_size": 69,
    "evaluation_size": 68,
    "success_count": 44,
    "failure_count": 24
  },
  "performance_metrics": {
    "success": {
      "em": 0.3235294117647059,
      "f1": 0.3442845216553839,
      "recall": 0.3719548425430778,
      "precision": 0.3506668305380654
    },
    "overall": {
      "em": 0.3188405797101449,
      "f1": 0.3392948909067552,
      "recall": 0.36656419265114915,
      "precision": 0.3455847025592529
    },
    "success_only": {
      "em": 0.5,
      "f1": 0.519089065934944,
      "recall": 0.5521120293847566,
      "precision": 0.5328487381042829
    },
    "failure_only": {
      "em": 0.0,
      "f1": 0.02380952380952381,
      "recall": 0.041666666666666664,
      "precision": 0.016666666666666666
    }
  },
  "query_metrics": {
    "unparsable_sparql_queries": 0,
    "unavailable_sparql_queries": 1
  },
  "state_metrics": {
    "success": 45,
    "fail": 24,
    "init": 0,
    "error_api": 0,
    "unknown": 0,
    "success_rate": 0.6521739130434783,
    "failure_rate": 0.34782608695652173
  },
  "resource_metrics": {
    "avg_tokens_in": 48380.42647058824,
    "avg_tokens_out": 860.4117647058823,
    "avg_elapsed_time": 58413.470588235294,
    "avg_iteration": 5.838235294117647
  }
}