{
  "metadata": {
    "commit_id": "bd93e3ca1a9ff181f4bb4f52d93dcfe368105cfc",
    "git_label": "v0.2.9",
    "model": "llama-3.3-70b-instruct",
    "knowledge_graph_files": "/home/dorschre/01_Projects/test/natural-language-query-answering/knowledge-graph/velektronik-graph-clean/abox-en.ttl.gz /home/dorschre/01_Projects/test/natural-language-query-answering/knowledge-graph/velektronik-graph-clean/tbox.ttl"
  },
  "subjects": {
    "three triple patterns": {
      "dataset_metrics": {
        "total_queries": 27,
        "evaluated_queries": 27,
        "success_count": 13,
        "failure_count": 13
      },
      "performance_metrics": {
        "em": 0.14814814814814814,
        "f1": 0.19950037707390647,
        "recall": 0.2267489711934156,
        "precision": 0.23283216531341008,
        "success_only": {
          "em": 0.3076923076923077,
          "f1": 0.4143469369996519,
          "recall": 0.47094017094017093,
          "precision": 0.48357449718939016,
          "count": 13
        },
        "failure_only": {
          "em": 0.0,
          "f1": 0.0,
          "recall": 0.0,
          "precision": 0.0,
          "count": 13
        }
      },
      "query_metrics": {
        "unparsable_sparql_queries": 1,
        "unavailable_sparql_queries": 0
      },
      "state_metrics": {
        "success": 13,
        "fail": 14,
        "init": 0,
        "error_api": 0,
        "unknown": 0,
        "success_rate": 0.48148148148148145,
        "failure_rate": 0.5185185185185185
      },
      "resource_metrics": {
        "avg_tokens_in": 68983.34615384616,
        "avg_tokens_out": 1091.8846153846155,
        "avg_elapsed_time": 81941.30769230769,
        "avg_iteration": 6.423076923076923,
        "count": 26
      }
    },
    "supply": {
      "dataset_metrics": {
        "total_queries": 12,
        "evaluated_queries": 12,
        "success_count": 8,
        "failure_count": 3
      },
      "performance_metrics": {
        "em": 0.08333333333333333,
        "f1": 0.1090029761904762,
        "recall": 0.18253968253968256,
        "precision": 0.10783985725437717,
        "success_only": {
          "em": 0.125,
          "f1": 0.1635044642857143,
          "recall": 0.27380952380952384,
          "precision": 0.16175978588156575,
          "count": 8
        },
        "failure_only": {
          "em": 0.0,
          "f1": 0.0,
          "recall": 0.0,
          "precision": 0.0,
          "count": 3
        }
      },
      "query_metrics": {
        "unparsable_sparql_queries": 1,
        "unavailable_sparql_queries": 0
      },
      "state_metrics": {
        "success": 8,
        "fail": 4,
        "init": 0,
        "error_api": 0,
        "unknown": 0,
        "success_rate": 0.6666666666666666,
        "failure_rate": 0.3333333333333333
      },
      "resource_metrics": {
        "avg_tokens_in": 43212.454545454544,
        "avg_tokens_out": 1019.6363636363636,
        "avg_elapsed_time": 71712.63636363637,
        "avg_iteration": 5.636363636363637,
        "count": 11
      }
    },
    "keyfigure": {
      "dataset_metrics": {
        "total_queries": 15,
        "evaluated_queries": 15,
        "success_count": 5,
        "failure_count": 10
      },
      "performance_metrics": {
        "em": 0.0,
        "f1": 0.017948717948717947,
        "recall": 0.02074074074074074,
        "precision": 0.015819209039548022,
        "success_only": {
          "em": 0.0,
          "f1": 0.05384615384615384,
          "recall": 0.06222222222222222,
          "precision": 0.04745762711864407,
          "count": 5
        },
        "failure_only": {
          "em": 0.0,
          "f1": 0.0,
          "recall": 0.0,
          "precision": 0.0,
          "count": 10
        }
      },
      "query_metrics": {
        "unparsable_sparql_queries": 0,
        "unavailable_sparql_queries": 0
      },
      "state_metrics": {
        "success": 5,
        "fail": 10,
        "init": 0,
        "error_api": 0,
        "unknown": 0,
        "success_rate": 0.3333333333333333,
        "failure_rate": 0.6666666666666666
      },
      "resource_metrics": {
        "avg_tokens_in": 46792.6,
        "avg_tokens_out": 976.6666666666666,
        "avg_elapsed_time": 66516.66666666667,
        "avg_iteration": 6.2,
        "count": 15
      }
    },
    "four triple patterns": {
      "dataset_metrics": {
        "total_queries": 14,
        "evaluated_queries": 14,
        "success_count": 9,
        "failure_count": 5
      },
      "performance_metrics": {
        "em": 0.21428571428571427,
        "f1": 0.32977980665950585,
        "recall": 0.36781051130129466,
        "precision": 0.31114350502105603,
        "success_only": {
          "em": 0.3333333333333333,
          "f1": 0.5129908103592313,
          "recall": 0.5721496842464584,
          "precision": 0.4840010078105316,
          "count": 9
        },
        "failure_only": {
          "em": 0.0,
          "f1": 0.0,
          "recall": 0.0,
          "precision": 0.0,
          "count": 5
        }
      },
      "query_metrics": {
        "unparsable_sparql_queries": 0,
        "unavailable_sparql_queries": 0
      },
      "state_metrics": {
        "success": 9,
        "fail": 5,
        "init": 0,
        "error_api": 0,
        "unknown": 0,
        "success_rate": 0.6428571428571429,
        "failure_rate": 0.35714285714285715
      },
      "resource_metrics": {
        "avg_tokens_in": 65927.21428571429,
        "avg_tokens_out": 911.7142857142857,
        "avg_elapsed_time": 67078.07142857143,
        "avg_iteration": 6.5,
        "count": 14
      }
    },
    "geo": {
      "dataset_metrics": {
        "total_queries": 15,
        "evaluated_queries": 15,
        "success_count": 11,
        "failure_count": 4
      },
      "performance_metrics": {
        "em": 0.3333333333333333,
        "f1": 0.38823529411764707,
        "recall": 0.38,
        "precision": 0.4,
        "success_only": {
          "em": 0.45454545454545453,
          "f1": 0.5294117647058824,
          "recall": 0.5181818181818182,
          "precision": 0.5454545454545454,
          "count": 11
        },
        "failure_only": {
          "em": 0.0,
          "f1": 0.0,
          "recall": 0.0,
          "precision": 0.0,
          "count": 4
        }
      },
      "query_metrics": {
        "unparsable_sparql_queries": 0,
        "unavailable_sparql_queries": 0
      },
      "state_metrics": {
        "success": 11,
        "fail": 4,
        "init": 0,
        "error_api": 0,
        "unknown": 0,
        "success_rate": 0.7333333333333333,
        "failure_rate": 0.26666666666666666
      },
      "resource_metrics": {
        "avg_tokens_in": 65060.666666666664,
        "avg_tokens_out": 1029.2,
        "avg_elapsed_time": 77877.6,
        "avg_iteration": 6.266666666666667,
        "count": 15
      }
    },
    "member": {
      "dataset_metrics": {
        "total_queries": 7,
        "evaluated_queries": 7,
        "success_count": 5,
        "failure_count": 2
      },
      "performance_metrics": {
        "em": 0.42857142857142855,
        "f1": 0.6289473684210527,
        "recall": 0.7084101382488479,
        "precision": 0.5873015873015873,
        "success_only": {
          "em": 0.6,
          "f1": 0.8805263157894737,
          "recall": 0.9917741935483871,
          "precision": 0.8222222222222223,
          "count": 5
        },
        "failure_only": {
          "em": 0.0,
          "f1": 0.0,
          "recall": 0.0,
          "precision": 0.0,
          "count": 2
        }
      },
      "query_metrics": {
        "unparsable_sparql_queries": 0,
        "unavailable_sparql_queries": 0
      },
      "state_metrics": {
        "success": 5,
        "fail": 2,
        "init": 0,
        "error_api": 0,
        "unknown": 0,
        "success_rate": 0.7142857142857143,
        "failure_rate": 0.2857142857142857
      },