{
  "metadata": {
    "commit_id": "bd93e3ca1a9ff181f4bb4f52d93dcfe368105cfc",
    "git_label": "v0.2.9",
    "model": "llama-3.3-70b-instruct",
    "knowledge_graph_files": "/home/dorschre/01_Projects/test/natural-language-query-answering/knowledge-graph/velektronik-graph-clean/abox-en.ttl.gz /home/dorschre/01_Projects/test/natural-language-query-answering/knowledge-graph/velektronik-graph-clean/tbox.ttl"
  },
  "dataset_metrics": {
    "dataset_size": 69,
    "evaluation_size": 65,
    "success_count": 43,
    "failure_count": 22
  },
  "performance_metrics": {
    "success": {
      "em": 0.3384615384615385,
      "f1": 0.4026715055590873,
      "recall": 0.433104619394942,
      "precision": 0.39762118978544875
    },
    "overall": {
      "em": 0.3188405797101449,
      "f1": 0.37932822987450254,
      "recall": 0.4079971052271193,
      "precision": 0.37457068602977056
    },
    "success_only": {
      "em": 0.5116279069767442,
      "f1": 0.6086894851474576,
      "recall": 0.6546930293179356,
      "precision": 0.6010552868849807
    },
    "failure_only": {
      "em": 0.0,
      "f1": 0.0,
      "recall": 0.0,
      "precision": 0.0
    }
  },
  "query_metrics": {
    "unparsable_sparql_queries": 3,
    "unavailable_sparql_queries": 1
  },
  "state_metrics": {
    "success": 46,
    "fail": 23,
    "init": 0,
    "error_api": 0,
    "unknown": 0,
    "success_rate": 0.6666666666666666,
    "failure_rate": 0.3333333333333333
  },
  "resource_metrics": {
    "avg_tokens_in": 56253.81538461539,
    "avg_tokens_out": 923.4,
    "avg_elapsed_time": 71298.36923076923,
    "avg_iteration": 6.107692307692307
  }
}