{
  "metadata": {
    "commit_id": "bd93e3ca1a9ff181f4bb4f52d93dcfe368105cfc",
    "git_label": "v0.2.9",
    "model": "llama-3.3-70b-instruct",
    "knowledge_graph_files": "/home/dorschre/01_Projects/test/natural-language-query-answering/knowledge-graph/velektronik-graph-clean/abox-en.ttl.gz /home/dorschre/01_Projects/test/natural-language-query-answering/knowledge-graph/velektronik-graph-clean/tbox.ttl"
  },
  "subjects": {
    "three triple patterns": {
      "dataset_metrics": {
        "total_queries": 27,
        "evaluated_queries": 27,
        "success_count": 12,
        "failure_count": 15
      },
      "performance_metrics": {
        "em": 0.2962962962962963,
        "f1": 0.33459465657608073,
        "recall": 0.3592592592592592,
        "precision": 0.33769063180827885,
        "success_only": {
          "em": 0.6666666666666666,
          "f1": 0.7528379772961816,
          "recall": 0.8083333333333332,
          "precision": 0.7598039215686274,
          "count": 12
        },
        "failure_only": {
          "em": 0.0,
          "f1": 0.0,
          "recall": 0.0,
          "precision": 0.0,
          "count": 15
        }
      },
      "query_metrics": {
        "unparsable_sparql_queries": 0,
        "unavailable_sparql_queries": 0
      },
      "state_metrics": {
        "success": 12,
        "fail": 15,
        "init": 0,
        "error_api": 0,
        "unknown": 0,
        "success_rate": 0.4444444444444444,
        "failure_rate": 0.5555555555555556
      },
      "resource_metrics": {
        "avg_tokens_in": 58010.18518518518,
        "avg_tokens_out": 891.9629629629629,
        "avg_elapsed_time": 67008.55555555556,
        "avg_iteration": 6.2592592592592595,
        "count": 27
      }
    },
    "supply": {
      "dataset_metrics": {
        "total_queries": 12,
        "evaluated_queries": 12,
        "success_count": 4,
        "failure_count": 8
      },
      "performance_metrics": {
        "em": 0.08333333333333333,
        "f1": 0.1011904761904762,
        "recall": 0.0992063492063492,
        "precision": 0.10374149659863946,
        "success_only": {
          "em": 0.25,
          "f1": 0.3035714285714286,
          "recall": 0.2976190476190476,
          "precision": 0.3112244897959184,
          "count": 4
        },
        "failure_only": {
          "em": 0.0,
          "f1": 0.0,
          "recall": 0.0,
          "precision": 0.0,
          "count": 8
        }
      },
      "query_metrics": {
        "unparsable_sparql_queries": 0,
        "unavailable_sparql_queries": 0
      },
      "state_metrics": {
        "success": 4,
        "fail": 8,
        "init": 0,
        "error_api": 0,
        "unknown": 0,
        "success_rate": 0.3333333333333333,
        "failure_rate": 0.6666666666666666
      },
      "resource_metrics": {
        "avg_tokens_in": 49321.083333333336,
        "avg_tokens_out": 950.0,
        "avg_elapsed_time": 69913.0,
        "avg_iteration": 6.416666666666667,
        "count": 12
      }
    },
    "keyfigure": {
      "dataset_metrics": {
        "total_queries": 15,
        "evaluated_queries": 15,
        "success_count": 5,
        "failure_count": 10
      },
      "performance_metrics": {
        "em": 0.13333333333333333,
        "f1": 0.13333333333333333,
        "recall": 0.13333333333333333,
        "precision": 0.13333333333333333,
        "success_only": {
          "em": 0.4,
          "f1": 0.4,
          "recall": 0.4,
          "precision": 0.4,
          "count": 5
        },
        "failure_only": {
          "em": 0.0,
          "f1": 0.0,
          "recall": 0.0,
          "precision": 0.0,
          "count": 10
        }
      },
      "query_metrics": {
        "unparsable_sparql_queries": 0,
        "unavailable_sparql_queries": 0
      },
      "state_metrics": {
        "success": 5,
        "fail": 10,
        "init": 0,
        "error_api": 0,
        "unknown": 0,
        "success_rate": 0.3333333333333333,
        "failure_rate": 0.6666666666666666
      },
      "resource_metrics": {
        "avg_tokens_in": 69711.46666666666,
        "avg_tokens_out": 983.0666666666667,
        "avg_elapsed_time": 74652.53333333334,
        "avg_iteration": 7.066666666666666,
        "count": 15
      }
    },
    "four triple patterns": {
      "dataset_metrics": {
        "total_queries": 14,
        "evaluated_queries": 14,
        "success_count": 7,
        "failure_count": 7
      },
      "performance_metrics": {
        "em": 0.0,
        "f1": 0.11720420209513807,
        "recall": 0.16041255211762126,
        "precision": 0.17302266528731308,
        "success_only": {
          "em": 0.0,
          "f1": 0.23440840419027614,
          "recall": 0.3208251042352425,
          "precision": 0.34604533057462616,
          "count": 7
        },
        "failure_only": {
          "em": 0.0,
          "f1": 0.0,
          "recall": 0.0,
          "precision": 0.0,
          "count": 7
        }
      },
      "query_metrics": {
        "unparsable_sparql_queries": 0,
        "unavailable_sparql_queries": 0
      },
      "state_metrics": {
        "success": 7,
        "fail": 7,
        "init": 0,
        "error_api": 0,
        "unknown": 0,
        "success_rate": 0.5,
        "failure_rate": 0.5
      },
      "resource_metrics": {
        "avg_tokens_in": 100097.42857142857,
        "avg_tokens_out": 1105.2142857142858,
        "avg_elapsed_time": 90860.92857142857,
        "avg_iteration": 6.857142857142857,
        "count": 14
      }
    },
    "geo": {
      "dataset_metrics": {
        "total_queries": 15,
        "evaluated_queries": 15,
        "success_count": 10,
        "failure_count": 5
      },
      "performance_metrics": {
        "em": 0.26666666666666666,
        "f1": 0.38004815961472305,
        "recall": 0.44666666666666666,
        "precision": 0.3745098039215686,
        "success_only": {
          "em": 0.4,
          "f1": 0.5700722394220846,
          "recall": 0.67,
          "precision": 0.5617647058823529,
          "count": 10
        },
        "failure_only": {
          "em": 0.0,
          "f1": 0.0,
          "recall": 0.0,
          "precision": 0.0,
          "count": 5
        }
      },
      "query_metrics": {
        "unparsable_sparql_queries": 0,
        "unavailable_sparql_queries": 0
      },
      "state_metrics": {
        "success": 10,
        "fail": 5,
        "init": 0,
        "error_api": 0,
        "unknown": 0,
        "success_rate": 0.6666666666666666,
        "failure_rate": 0.3333333333333333
      },
      "resource_metrics": {
        "avg_tokens_in": 56378.0,
        "avg_tokens_out": 859.8666666666667,
        "avg_elapsed_time": 65615.86666666667,
        "avg_iteration": 6.0,
        "count": 15
      }
    },
    "member": {
      "dataset_metrics": {
        "total_queries": 7,
        "evaluated_queries": 7,
        "success_count": 5,
        "failure_count": 2
      },
      "performance_metrics": {
        "em": 0.14285714285714285,
        "f1": 0.3036004645760743,
        "recall": 0.293614219881501,
        "precision": 0.42857142857142855,
        "success_only": {
          "em": 0.2,
          "f1": 0.425040650406504,
          "recall": 0.4110599078341014,
          "precision": 0.6,
          "count": 5
        },
        "failure_only": {
          "em": 0.0,
          "f1": 0.0,
          "recall": 0.0,
          "precision": 0.0,
          "count": 2
        }
      },
      "query_metrics": {
        "unparsable_sparql_queries": 0,
        "unavailable_sparql_queries": 0
      },
      "state_metrics": {
        "success": 5,
        "fail": 2,
        "init": 0,
        "error_api": 0,
        "unknown": 0,
        "success_rate": 0.7142857142857143,
        "failure_rate": 0.2857142857142857
      },
      "resource_metrics": {
        "avg_tokens_in": 134521.2857142857,
        "avg_tokens_out": 1070.5714285714287,