{
  "metadata": {
    "commit_id": "bd93e3ca1a9ff181f4bb4f52d93dcfe368105cfc",
    "git_label": "v0.2.9",
    "model": "llama-3.3-70b-instruct",
    "knowledge_graph_files": "/home/dorschre/01_Projects/test/natural-language-query-answering/knowledge-graph/velektronik-graph-clean/abox-en.ttl.gz /home/dorschre/01_Projects/test/natural-language-query-answering/knowledge-graph/velektronik-graph-clean/tbox.ttl"
  },
  "dataset_metrics": {
    "dataset_size": 69,
    "evaluation_size": 69,
    "success_count": 42,
    "failure_count": 27
  },
  "performance_metrics": {
    "success": {
      "em": 0.30434782608695654,
      "f1": 0.3754528063098082,
      "recall": 0.4187248157795142,
      "precision": 0.3832174312184481
    },
    "overall": {
      "em": 0.30434782608695654,
      "f1": 0.3754528063098082,
      "recall": 0.4187248157795142,
      "precision": 0.3832174312184481
    },
    "success_only": {
      "em": 0.5,
      "f1": 0.6168153246518278,
      "recall": 0.6879050544949161,
      "precision": 0.6295714941445932
    },
    "failure_only": {
      "em": 0.0,
      "f1": 0.0,
      "recall": 0.0,
      "precision": 0.0
    }
  },
  "query_metrics": {
    "unparsable_sparql_queries": 0,
    "unavailable_sparql_queries": 0
  },
  "state_metrics": {
    "success": 42,
    "fail": 27,
    "init": 0,
    "error_api": 0,
    "unknown": 0,
    "success_rate": 0.6086956521739131,
    "failure_rate": 0.391304347826087
  },
  "resource_metrics": {
    "avg_tokens_in": 53342.739130434784,
    "avg_tokens_out": 826.2463768115942,
    "avg_elapsed_time": 62956.52173913043,
    "avg_iteration": 5.811594202898551
  }
}