{
  "metadata": {
    "commit_id": "bd93e3ca1a9ff181f4bb4f52d93dcfe368105cfc",
    "git_label": "v0.2.9",
    "model": "llama-3.3-70b-instruct",
    "knowledge_graph_files": "/home/dorschre/01_Projects/test/natural-language-query-answering/knowledge-graph/velektronik-graph-clean/abox-en.ttl.gz /home/dorschre/01_Projects/test/natural-language-query-answering/knowledge-graph/velektronik-graph-clean/tbox.ttl"
  },
  "subjects": {
    "three triple patterns": {
      "dataset_metrics": {
        "total_queries": 27,
        "evaluated_queries": 27,
        "success_count": 14,
        "failure_count": 12
      },
      "performance_metrics": {
        "em": 0.14814814814814814,
        "f1": 0.18107469302537393,
        "recall": 0.25473251028806587,
        "precision": 0.19818647176370754,
        "success_only": {
          "em": 0.2857142857142857,
          "f1": 0.347293634434906,
          "recall": 0.41984126984126985,
          "precision": 0.3812427409988386,
          "count": 14
        },
        "failure_only": {
          "em": 0.0,
          "f1": 0.002242152466367713,
          "recall": 0.08333333333333333,
          "precision": 0.0011363636363636363,
          "count": 12
        }
      },
      "query_metrics": {
        "unparsable_sparql_queries": 0,
        "unavailable_sparql_queries": 1
      },
      "state_metrics": {
        "success": 15,
        "fail": 12,
        "init": 0,
        "error_api": 0,
        "unknown": 0,
        "success_rate": 0.5555555555555556,
        "failure_rate": 0.4444444444444444
      },
      "resource_metrics": {
        "avg_tokens_in": 64289.5,
        "avg_tokens_out": 993.2692307692307,
        "avg_elapsed_time": 64425.11538461538,
        "avg_iteration": 6.423076923076923,
        "count": 26
      }
    },
    "supply": {
      "dataset_metrics": {
        "total_queries": 12,
        "evaluated_queries": 12,
        "success_count": 6,
        "failure_count": 6
      },
      "performance_metrics": {
        "em": 0.0,
        "f1": 0.04390881913303438,
        "recall": 0.18253968253968256,
        "precision": 0.03543341579055864,
        "success_only": {
          "em": 0.0,
          "f1": 0.08333333333333333,
          "recall": 0.1984126984126984,
          "precision": 0.06859410430839002,
          "count": 6
        },
        "failure_only": {
          "em": 0.0,
          "f1": 0.004484304932735426,
          "recall": 0.16666666666666666,
          "precision": 0.0022727272727272726,
          "count": 6
        }
      },
      "query_metrics": {
        "unparsable_sparql_queries": 0,
        "unavailable_sparql_queries": 0
      },
      "state_metrics": {
        "success": 6,
        "fail": 6,
        "init": 0,
        "error_api": 0,
        "unknown": 0,
        "success_rate": 0.5,
        "failure_rate": 0.5
      },
      "resource_metrics": {
        "avg_tokens_in": 37720.916666666664,
        "avg_tokens_out": 966.5,
        "avg_elapsed_time": 58720.5,
        "avg_iteration": 6.5,
        "count": 12
      }
    },
    "keyfigure": {
      "dataset_metrics": {
        "total_queries": 15,
        "evaluated_queries": 15,
        "success_count": 8,
        "failure_count": 7
      },
      "performance_metrics": {
        "em": 0.2,
        "f1": 0.22012578616352202,
        "recall": 0.21185185185185187,
        "precision": 0.26666666666666666,
        "success_only": {
          "em": 0.375,
          "f1": 0.41273584905660377,
          "recall": 0.39722222222222225,
          "precision": 0.5,
          "count": 8
        },
        "failure_only": {
          "em": 0.0,
          "f1": 0.0,
          "recall": 0.0,
          "precision": 0.0,
          "count": 7
        }
      },
      "query_metrics": {
        "unparsable_sparql_queries": 0,
        "unavailable_sparql_queries": 0
      },
      "state_metrics": {
        "success": 8,
        "fail": 7,
        "init": 0,
        "error_api": 0,
        "unknown": 0,
        "success_rate": 0.5333333333333333,
        "failure_rate": 0.4666666666666667
      },
      "resource_metrics": {
        "avg_tokens_in": 64654.666666666664,
        "avg_tokens_out": 984.4,
        "avg_elapsed_time": 76506.46666666666,
        "avg_iteration": 6.466666666666667,
        "count": 15
      }
    },
    "four triple patterns": {
      "dataset_metrics": {
        "total_queries": 14,
        "evaluated_queries": 14,
        "success_count": 6,
        "failure_count": 8
      },
      "performance_metrics": {
        "em": 0.0,
        "f1": 0.09567778330844533,
        "recall": 0.08898398068904981,
        "precision": 0.16034985422740525,
        "success_only": {
          "em": 0.0,
          "f1": 0.2232481610530391,
          "recall": 0.20762928827444957,
          "precision": 0.37414965986394555,
          "count": 6
        },
        "failure_only": {
          "em": 0.0,
          "f1": 0.0,
          "recall": 0.0,
          "precision": 0.0,
          "count": 8
        }
      },
      "query_metrics": {
        "unparsable_sparql_queries": 0,
        "unavailable_sparql_queries": 0
      },
      "state_metrics": {
        "success": 6,
        "fail": 8,
        "init": 0,
        "error_api": 0,
        "unknown": 0,
        "success_rate": 0.42857142857142855,
        "failure_rate": 0.5714285714285714
      },
      "resource_metrics": {
        "avg_tokens_in": 80719.71428571429,
        "avg_tokens_out": 931.5714285714286,
        "avg_elapsed_time": 63777.07142857143,
        "avg_iteration": 6.142857142857143,
        "count": 14
      }
    },
    "geo": {
      "dataset_metrics": {
        "total_queries": 15,
        "evaluated_queries": 15,
        "success_count": 10,
        "failure_count": 4
      },
      "performance_metrics": {
        "em": 0.13333333333333333,
        "f1": 0.15163398692810456,
        "recall": 0.18000000000000002,
        "precision": 0.14471544715447154,
        "success_only": {
          "em": 0.2,
          "f1": 0.22745098039215686,
          "recall": 0.27,
          "precision": 0.21707317073170734,
          "count": 10
        },
        "failure_only": {
          "em": 0.0,
          "f1": 0.0,
          "recall": 0.0,
          "precision": 0.0,
          "count": 4
        }
      },
      "query_metrics": {
        "unparsable_sparql_queries": 0,
        "unavailable_sparql_queries": 1
      },
      "state_metrics": {
        "success": 11,
        "fail": 4,
        "init": 0,
        "error_api": 0,
        "unknown": 0,
        "success_rate": 0.7333333333333333,
        "failure_rate": 0.26666666666666666
      },
      "resource_metrics": {
        "avg_tokens_in": 51734.71428571428,
        "avg_tokens_out": 911.4285714285714,
        "avg_elapsed_time": 44038.642857142855,
        "avg_iteration": 6.071428571428571,
        "count": 14
      }
    },
    "member": {
      "dataset_metrics": {
        "total_queries": 7,
        "evaluated_queries": 7,
        "success_count": 5,
        "failure_count": 2
      },
      "performance_metrics": {
        "em": 0.0,
        "f1": 0.1607433217189315,
        "recall": 0.15075707702435812,
        "precision": 0.2857142857142857,
        "success_only": {
          "em": 0.0,
          "f1": 0.22504065040650406,
          "recall": 0.2110599078341014,
          "precision": 0.4,
          "count": 5
        },
        "failure_only": {
          "em": 0.0,
          "f1": 0.0,
          "recall": 0.0,
          "precision": 0.0,
          "count": 2
        }
      },
      "query_metrics": {
        "unparsable_sparql_queries": 0,
        "unavailable_sparql_queries": 0
      },
      "state_metrics": {
        "success": 5,
        "fail": 2,
        "init": 0,
        "error_api": 0,
        "unknown": 0,
        "success_rate": 0.7142857142857143,
        "failure_rate": 0.2857142857142857
      },
      "resource_metrics": {
        "avg_tokens_in": 111609.0,