{
  "metadata": {
    "commit_id": "bd93e3ca1a9ff181f4bb4f52d93dcfe368105cfc",
    "git_label": "v0.2.9",
    "model": "llama-3.3-70b-instruct",
    "knowledge_graph_files": "/home/dorschre/01_Projects/test/natural-language-query-answering/knowledge-graph/velektronik-graph-clean/abox-en.ttl.gz /home/dorschre/01_Projects/test/natural-language-query-answering/knowledge-graph/velektronik-graph-clean/tbox.ttl"
  },
  "dataset_metrics": {
    "dataset_size": 69,
    "evaluation_size": 68,
    "success_count": 46,
    "failure_count": 22
  },
  "performance_metrics": {
    "success": {
      "em": 0.25,
      "f1": 0.29027041541563614,
      "recall": 0.34005225746212464,
      "precision": 0.307687940991826
    },
    "overall": {
      "em": 0.2463768115942029,
      "f1": 0.2860635978009168,
      "recall": 0.335123963875717,
      "precision": 0.30322869547020537
    },
    "success_only": {
      "em": 0.3695652173913043,
      "f1": 0.4285104873623228,
      "recall": 0.4809468153787929,
      "precision": 0.45454660051756113
    },
    "failure_only": {
      "em": 0.0,
      "f1": 0.0012229922543823889,
      "recall": 0.045454545454545456,
      "precision": 0.0006198347107438016
    }
  },
  "query_metrics": {
    "unparsable_sparql_queries": 0,
    "unavailable_sparql_queries": 1
  },
  "state_metrics": {
    "success": 47,
    "fail": 22,
    "init": 0,
    "error_api": 0,
    "unknown": 0,
    "success_rate": 0.6811594202898551,
    "failure_rate": 0.3188405797101449
  },
  "resource_metrics": {
    "avg_tokens_in": 54021.85294117647,
    "avg_tokens_out": 854.4852941176471,
    "avg_elapsed_time": 55951.83823529412,
    "avg_iteration": 5.911764705882353
  }
}