{
  "metadata": {
    "commit_id": "bd93e3ca1a9ff181f4bb4f52d93dcfe368105cfc",
    "git_label": "v0.2.9",
    "model": "llama-3.3-70b-instruct",
    "knowledge_graph_files": "/home/dorschre/01_Projects/test/natural-language-query-answering/knowledge-graph/velektronik-graph-clean/abox-en.ttl.gz /home/dorschre/01_Projects/test/natural-language-query-answering/knowledge-graph/velektronik-graph-clean/tbox.ttl"
  },
  "subjects": {
    "three triple patterns": {
      "dataset_metrics": {
        "total_queries": 27,
        "evaluated_queries": 27,
        "success_count": 14,
        "failure_count": 13
      },
      "performance_metrics": {
        "em": 0.18518518518518517,
        "f1": 0.23907498462045937,
        "recall": 0.30434782608695654,
        "precision": 0.2507457779898725,
        "success_only": {
          "em": 0.35714285714285715,
          "f1": 0.41403485709903926,
          "recall": 0.515527950310559,
          "precision": 0.44851620820124755,
          "count": 14
        },
        "failure_only": {
          "em": 0.0,
          "f1": 0.050656660412757966,
          "recall": 0.07692307692307693,
          "precision": 0.03776223776223776,
          "count": 13
        }
      },
      "query_metrics": {
        "unparsable_sparql_queries": 0,
        "unavailable_sparql_queries": 0
      },
      "state_metrics": {
        "success": 14,
        "fail": 13,
        "init": 0,
        "error_api": 0,
        "unknown": 0,
        "success_rate": 0.5185185185185185,
        "failure_rate": 0.48148148148148145
      },
      "resource_metrics": {
        "avg_tokens_in": 69377.85185185185,
        "avg_tokens_out": 1130.111111111111,
        "avg_elapsed_time": 101889.96296296296,
        "avg_iteration": 6.925925925925926,
        "count": 27
      }
    },
    "supply": {
      "dataset_metrics": {
        "total_queries": 12,
        "evaluated_queries": 12,
        "success_count": 7,
        "failure_count": 5
      },
      "performance_metrics": {
        "em": 0.0,
        "f1": 0.024096385542168672,
        "recall": 0.015873015873015872,
        "precision": 0.049999999999999996,
        "success_only": {
          "em": 0.0,
          "f1": 0.04130808950086058,
          "recall": 0.027210884353741496,
          "precision": 0.08571428571428572,
          "count": 7
        },
        "failure_only": {
          "em": 0.0,
          "f1": 0.0,
          "recall": 0.0,
          "precision": 0.0,
          "count": 5
        }
      },
      "query_metrics": {
        "unparsable_sparql_queries": 0,
        "unavailable_sparql_queries": 0
      },
      "state_metrics": {
        "success": 7,
        "fail": 5,
        "init": 0,
        "error_api": 0,
        "unknown": 0,
        "success_rate": 0.5833333333333334,
        "failure_rate": 0.4166666666666667
      },
      "resource_metrics": {
        "avg_tokens_in": 47017.333333333336,
        "avg_tokens_out": 1100.0,
        "avg_elapsed_time": 95178.16666666667,
        "avg_iteration": 6.416666666666667,
        "count": 12
      }
    },
    "keyfigure": {
      "dataset_metrics": {
        "total_queries": 15,
        "evaluated_queries": 15,
        "success_count": 7,
        "failure_count": 8
      },
      "performance_metrics": {
        "em": 0.13333333333333333,
        "f1": 0.20604235671986348,
        "recall": 0.26666666666666666,
        "precision": 0.18443330947267952,
        "success_only": {
          "em": 0.2857142857142857,
          "f1": 0.34744268077601415,
          "recall": 0.42857142857142855,
          "precision": 0.32508436445444316,
          "count": 7
        },
        "failure_only": {
          "em": 0.0,
          "f1": 0.0823170731707317,
          "recall": 0.125,
          "precision": 0.06136363636363636,
          "count": 8
        }
      },
      "query_metrics": {
        "unparsable_sparql_queries": 0,
        "unavailable_sparql_queries": 0
      },
      "state_metrics": {
        "success": 7,
        "fail": 8,
        "init": 0,
        "error_api": 0,
        "unknown": 0,
        "success_rate": 0.4666666666666667,
        "failure_rate": 0.5333333333333333
      },
      "resource_metrics": {
        "avg_tokens_in": 64185.066666666666,
        "avg_tokens_out": 1085.5333333333333,
        "avg_elapsed_time": 91379.26666666666,
        "avg_iteration": 7.2,
        "count": 15
      }
    },
    "four triple patterns": {
      "dataset_metrics": {
        "total_queries": 14,
        "evaluated_queries": 14,
        "success_count": 9,
        "failure_count": 5
      },
      "performance_metrics": {
        "em": 0.0,
        "f1": 0.0916715601512375,
        "recall": 0.1553105113012947,
        "precision": 0.11437064718872092,
        "success_only": {
          "em": 0.0,
          "f1": 0.14260020467970277,
          "recall": 0.24159412869090285,
          "precision": 0.1779098956268992,
          "count": 9
        },
        "failure_only": {
          "em": 0.0,
          "f1": 0.0,
          "recall": 0.0,
          "precision": 0.0,
          "count": 5
        }
      },
      "query_metrics": {
        "unparsable_sparql_queries": 0,
        "unavailable_sparql_queries": 0
      },
      "state_metrics": {
        "success": 9,
        "fail": 5,
        "init": 0,
        "error_api": 0,
        "unknown": 0,
        "success_rate": 0.6428571428571429,
        "failure_rate": 0.35714285714285715
      },
      "resource_metrics": {
        "avg_tokens_in": 74117.57142857143,
        "avg_tokens_out": 928.8571428571429,
        "avg_elapsed_time": 78113.92857142857,
        "avg_iteration": 6.071428571428571,
        "count": 14
      }
    },
    "geo": {
      "dataset_metrics": {
        "total_queries": 15,
        "evaluated_queries": 15,
        "success_count": 8,
        "failure_count": 7
      },
      "performance_metrics": {
        "em": 0.2,
        "f1": 0.22429261559696342,
        "recall": 0.2811594202898551,
        "precision": 0.26690909090909093,
        "success_only": {
          "em": 0.375,
          "f1": 0.42054865424430643,
          "recall": 0.5271739130434783,
          "precision": 0.5004545454545455,
          "count": 8
        },
        "failure_only": {
          "em": 0.0,
          "f1": 0.0,
          "recall": 0.0,
          "precision": 0.0,
          "count": 7
        }
      },
      "query_metrics": {
        "unparsable_sparql_queries": 0,
        "unavailable_sparql_queries": 0
      },
      "state_metrics": {
        "success": 8,
        "fail": 7,
        "init": 0,
        "error_api": 0,
        "unknown": 0,
        "success_rate": 0.5333333333333333,
        "failure_rate": 0.4666666666666667
      },
      "resource_metrics": {
        "avg_tokens_in": 67976.13333333333,
        "avg_tokens_out": 1015.7333333333333,
        "avg_elapsed_time": 102723.6,
        "avg_iteration": 6.666666666666667,
        "count": 15
      }
    },
    "member": {
      "dataset_metrics": {
        "total_queries": 7,
        "evaluated_queries": 7,
        "success_count": 5,
        "failure_count": 2
      },
      "performance_metrics": {
        "em": 0.0,
        "f1": 0.14169570267131243,
        "recall": 0.14055299539170507,
        "precision": 0.14285714285714285,
        "success_only": {
          "em": 0.0,
          "f1": 0.1983739837398374,
          "recall": 0.1967741935483871,
          "precision": 0.2,
          "count": 5
        },
        "failure_only": {
          "em": 0.0,
          "f1": 0.0,
          "recall": 0.0,
          "precision": 0.0,
          "count": 2
        }
      },
      "query_metrics": {
        "unparsable_sparql_queries": 0,
        "unavailable_sparql_queries": 0
      },
      "state_metrics": {
        "success": 5,
        "fail": 2,
        "init": 0,
        "error_api": 0,
        "unknown": 0,
        "success_rate": 0.7142857142857143,