{
  "metadata": {
    "commit_id": "bd93e3ca1a9ff181f4bb4f52d93dcfe368105cfc",
    "git_label": "v0.2.9",
    "model": "llama-3.3-70b-instruct",
    "knowledge_graph_files": "/home/dorschre/01_Projects/test/natural-language-query-answering/knowledge-graph/velektronik-graph-clean/abox-en.ttl.gz /home/dorschre/01_Projects/test/natural-language-query-answering/knowledge-graph/velektronik-graph-clean/tbox.ttl"
  },
  "dataset_metrics": {
    "dataset_size": 69,
    "evaluation_size": 69,
    "success_count": 46,
    "failure_count": 23
  },
  "performance_metrics": {
    "success": {
      "em": 0.34782608695652173,
      "f1": 0.40391150395907227,
      "recall": 0.4736792893875643,
      "precision": 0.397150702009182
    },
    "overall": {
      "em": 0.34782608695652173,
      "f1": 0.40391150395907227,
      "recall": 0.4736792893875643,
      "precision": 0.397150702009182
    },
    "success_only": {
      "em": 0.5217391304347826,
      "f1": 0.6058672559386085,
      "recall": 0.7105189340813465,
      "precision": 0.595726053013773
    },
    "failure_only": {
      "em": 0.0,
      "f1": 0.0,
      "recall": 0.0,
      "precision": 0.0
    }
  },
  "query_metrics": {
    "unparsable_sparql_queries": 0,
    "unavailable_sparql_queries": 0
  },
  "state_metrics": {
    "success": 46,
    "fail": 23,
    "init": 0,
    "error_api": 0,
    "unknown": 0,
    "success_rate": 0.6666666666666666,
    "failure_rate": 0.3333333333333333
  },
  "resource_metrics": {
    "avg_tokens_in": 52019.666666666664,
    "avg_tokens_out": 827.768115942029,
    "avg_elapsed_time": 80099.52173913043,
    "avg_iteration": 5.565217391304348
  }
}