{
  "metadata": {
    "commit_id": "bd93e3ca1a9ff181f4bb4f52d93dcfe368105cfc",
    "git_label": "v0.2.9",
    "model": "llama-3.3-70b-instruct",
    "knowledge_graph_files": "/home/dorschre/01_Projects/test/natural-language-query-answering/knowledge-graph/velektronik-graph-clean/abox-en.ttl.gz /home/dorschre/01_Projects/test/natural-language-query-answering/knowledge-graph/velektronik-graph-clean/tbox.ttl"
  },
  "dataset_metrics": {
    "dataset_size": 69,
    "evaluation_size": 69,
    "success_count": 45,
    "failure_count": 24
  },
  "performance_metrics": {
    "success": {
      "em": 0.3188405797101449,
      "f1": 0.3939329537304023,
      "recall": 0.42404592973234173,
      "precision": 0.4087015945497855
    },
    "overall": {
      "em": 0.3188405797101449,
      "f1": 0.3939329537304023,
      "recall": 0.42404592973234173,
      "precision": 0.4087015945497855
    },
    "success_only": {
      "em": 0.4888888888888889,
      "f1": 0.6032368782596328,
      "recall": 0.6279815367007018,
      "precision": 0.6262717379056306
    },
    "failure_only": {
      "em": 0.0,
      "f1": 0.0014880952380952382,
      "recall": 0.041666666666666664,
      "precision": 0.0007575757575757576
    }
  },
  "query_metrics": {
    "unparsable_sparql_queries": 0,
    "unavailable_sparql_queries": 0
  },
  "state_metrics": {
    "success": 45,
    "fail": 24,
    "init": 0,
    "error_api": 0,
    "unknown": 0,
    "success_rate": 0.6521739130434783,
    "failure_rate": 0.34782608695652173
  },
  "resource_metrics": {
    "avg_tokens_in": 50721.68115942029,
    "avg_tokens_out": 850.0289855072464,
    "avg_elapsed_time": 65949.02898550725,
    "avg_iteration": 5.7101449275362315
  }
}