{
  "metadata": {
    "commit_id": "bd93e3ca1a9ff181f4bb4f52d93dcfe368105cfc",
    "git_label": "v0.2.9",
    "model": "llama-3.3-70b-instruct",
    "knowledge_graph_files": "/home/dorschre/01_Projects/test/natural-language-query-answering/knowledge-graph/velektronik-graph-clean/abox-en.ttl.gz /home/dorschre/01_Projects/test/natural-language-query-answering/knowledge-graph/velektronik-graph-clean/tbox.ttl"
  },
  "subjects": {
    "three triple patterns": {
      "dataset_metrics": {
        "total_queries": 27,
        "evaluated_queries": 27,
        "success_count": 13,
        "failure_count": 14
      },
      "performance_metrics": {
        "em": 0.14814814814814814,
        "f1": 0.20778283535636474,
        "recall": 0.2932367149758454,
        "precision": 0.23125306423281355,
        "success_only": {
          "em": 0.3076923076923077,
          "f1": 0.40847204266321907,
          "recall": 0.5321070234113713,
          "precision": 0.4667201650808208,
          "count": 13
        },
        "failure_only": {
          "em": 0.0,
          "f1": 0.02142857142857143,
          "recall": 0.07142857142857142,
          "precision": 0.012605042016806723,
          "count": 14
        }
      },
      "query_metrics": {
        "unparsable_sparql_queries": 0,
        "unavailable_sparql_queries": 0
      },
      "state_metrics": {
        "success": 13,
        "fail": 14,
        "init": 0,
        "error_api": 0,
        "unknown": 0,
        "success_rate": 0.48148148148148145,
        "failure_rate": 0.5185185185185185
      },
      "resource_metrics": {
        "avg_tokens_in": 62145.81481481482,
        "avg_tokens_out": 976.4074074074074,
        "avg_elapsed_time": 78608.44444444444,
        "avg_iteration": 6.407407407407407,
        "count": 27
      }
    },
    "supply": {
      "dataset_metrics": {
        "total_queries": 12,
        "evaluated_queries": 12,
        "success_count": 5,
        "failure_count": 7
      },
      "performance_metrics": {
        "em": 0.0,
        "f1": 0.05690888554216867,
        "recall": 0.18253968253968256,
        "precision": 0.06880424300867888,
        "success_only": {
          "em": 0.0,
          "f1": 0.07658132530120482,
          "recall": 0.23809523809523808,
          "precision": 0.12983606557377048,
          "count": 5
        },
        "failure_only": {
          "em": 0.0,
          "f1": 0.04285714285714286,
          "recall": 0.14285714285714285,
          "precision": 0.025210084033613446,
          "count": 7
        }
      },
      "query_metrics": {
        "unparsable_sparql_queries": 0,
        "unavailable_sparql_queries": 0
      },
      "state_metrics": {
        "success": 5,
        "fail": 7,
        "init": 0,
        "error_api": 0,
        "unknown": 0,
        "success_rate": 0.4166666666666667,
        "failure_rate": 0.5833333333333334
      },
      "resource_metrics": {
        "avg_tokens_in": 42455.75,
        "avg_tokens_out": 988.0833333333334,
        "avg_elapsed_time": 73430.58333333333,
        "avg_iteration": 6.333333333333333,
        "count": 12
      }
    },
    "keyfigure": {
      "dataset_metrics": {
        "total_queries": 15,
        "evaluated_queries": 15,
        "success_count": 5,
        "failure_count": 9
      },
      "performance_metrics": {
        "em": 0.06666666666666667,
        "f1": 0.06707818930041153,
        "recall": 0.13333333333333333,
        "precision": 0.06687306501547988,
        "success_only": {
          "em": 0.2,
          "f1": 0.20123456790123456,
          "recall": 0.4,
          "precision": 0.20061919504643963,
          "count": 5
        },
        "failure_only": {
          "em": 0.0,
          "f1": 0.0,
          "recall": 0.0,
          "precision": 0.0,
          "count": 9
        }
      },
      "query_metrics": {
        "unparsable_sparql_queries": 1,
        "unavailable_sparql_queries": 0
      },
      "state_metrics": {
        "success": 6,
        "fail": 9,
        "init": 0,
        "error_api": 0,
        "unknown": 0,
        "success_rate": 0.4,
        "failure_rate": 0.6
      },
      "resource_metrics": {
        "avg_tokens_in": 59088.5,
        "avg_tokens_out": 986.7857142857143,
        "avg_elapsed_time": 75711.5,
        "avg_iteration": 6.571428571428571,
        "count": 14
      }
    },
    "four triple patterns": {
      "dataset_metrics": {
        "total_queries": 14,
        "evaluated_queries": 14,
        "success_count": 5,
        "failure_count": 9
      },
      "performance_metrics": {
        "em": 0.0,
        "f1": 0.13479995605081313,
        "recall": 0.22495336844415184,
        "precision": 0.14545923632610938,
        "success_only": {
          "em": 0.0,
          "f1": 0.37743987694227676,
          "recall": 0.6298694316436252,
          "precision": 0.40728586171310627,
          "count": 5
        },
        "failure_only": {
          "em": 0.0,
          "f1": 0.0,
          "recall": 0.0,
          "precision": 0.0,
          "count": 9
        }
      },
      "query_metrics": {
        "unparsable_sparql_queries": 0,
        "unavailable_sparql_queries": 0
      },
      "state_metrics": {
        "success": 5,
        "fail": 9,
        "init": 0,
        "error_api": 0,
        "unknown": 0,
        "success_rate": 0.35714285714285715,
        "failure_rate": 0.6428571428571429
      },
      "resource_metrics": {
        "avg_tokens_in": 69216.28571428571,
        "avg_tokens_out": 888.1428571428571,
        "avg_elapsed_time": 67997.64285714286,
        "avg_iteration": 5.714285714285714,
        "count": 14
      }
    },
    "geo": {
      "dataset_metrics": {
        "total_queries": 15,
        "evaluated_queries": 15,
        "success_count": 10,
        "failure_count": 4
      },
      "performance_metrics": {
        "em": 0.2,
        "f1": 0.3255368814192343,
        "recall": 0.3944927536231884,
        "precision": 0.3678787878787879,
        "success_only": {
          "em": 0.3,
          "f1": 0.48830532212885147,
          "recall": 0.5917391304347827,
          "precision": 0.5518181818181819,
          "count": 10
        },
        "failure_only": {
          "em": 0.0,
          "f1": 0.0,
          "recall": 0.0,
          "precision": 0.0,
          "count": 4
        }
      },
      "query_metrics": {
        "unparsable_sparql_queries": 0,
        "unavailable_sparql_queries": 1
      },
      "state_metrics": {
        "success": 11,
        "fail": 4,
        "init": 0,
        "error_api": 0,
        "unknown": 0,
        "success_rate": 0.7333333333333333,
        "failure_rate": 0.26666666666666666
      },
      "resource_metrics": {
        "avg_tokens_in": 61408.78571428572,
        "avg_tokens_out": 969.2142857142857,
        "avg_elapsed_time": 76251.14285714286,
        "avg_iteration": 5.928571428571429,
        "count": 14
      }
    },
    "member": {
      "dataset_metrics": {
        "total_queries": 7,
        "evaluated_queries": 7,
        "success_count": 3,
        "failure_count": 4
      },
      "performance_metrics": {
        "em": 0.14285714285714285,
        "f1": 0.37026713124274097,
        "recall": 0.4226958525345622,
        "precision": 0.34761904761904766,
        "success_only": {
          "em": 0.3333333333333333,
          "f1": 0.8639566395663957,
          "recall": 0.9862903225806452,
          "precision": 0.8111111111111112,
          "count": 3
        },
        "failure_only": {
          "em": 0.0,
          "f1": 0.0,
          "recall": 0.0,
          "precision": 0.0,
          "count": 4
        }
      },
      "query_metrics": {
        "unparsable_sparql_queries": 0,
        "unavailable_sparql_queries": 0
      },
      "state_metrics": {
        "success": 3,
        "fail": 4,
        "init": 0,
        "error_api": 0,
        "unknown": 0,
        "success_rate": 0.42857142857142855,